booking_id,booking_registrant_id,booking_coordinator_id,booking_date_booked,booking_event_start,booking_event_end,booking_event_type_code,booking_attendance,booking_location_code,booking_event_status_code,booking_minimum_price,booking_maximum_price,booking_vendor_id_one,booking_vendor_id_two,booking_vendor_id_three
10001,1098,501,2021-03-16 11:31:47,2021-08-30 16:00:00,2021-08-30 20:00:00,GCN,175,CMC,INV,3000,6000,,,
10002,1099,501,2021-03-16 14:56:03,2021-09-04 18:00:00,2021-09-04 21:30:00,GCN,250,CMC,CMP,3500,5000,,,
10003,1100,509,2021-03-18 15:39:22,2021-09-04 18:00:00,2021-09-04 21:30:00,GCN,100,GHT,INV,1800,3400,,,
10004,1101,510,2021-03-19 10:48:03,2021-09-06 13:00:00,2021-09-06 16:00:00,FNR,175,PRE,CMP,1800,3000,442,446,
10005,1102,510,2021-03-19 12:56:17,2021-09-05 16:00:00,2021-09-05 20:00:00,FNR,150,PRE,INV,3300,5500,,,
10006,1103,501,2021-03-23 11:28:31,2021-09-06 19:00:00,2021-09-07 00:00:00,GCN,130,KBF,CMP,5000,7500,424,428,
10007,1104,509,2021-03-23 16:32:01,2021-09-04 18:00:00,2021-09-04 21:30:00,FNR,60,KBF,CLD,5000,7500,,,
10008,1105,510,2021-03-26 10:01:36,2021-09-04 18:00:00,2021-09-04 21:30:00,BMT,100,KBF,CLD,3200,6000,,,
10009,1106,510,2021-03-26 13:15:44,2021-09-06 13:00:00,2021-09-06 16:00:00,GCN,200,CMC,CLD,3100,8000,,,
10010,1107,509,2021-03-30 15:33:25,2021-09-13 18:00:00,2021-09-13 23:00:00,GCN,160,GHT,CMP,4300,6000,441,454,
10011,1108,510,2021-04-03 12:46:44,2021-09-13 18:00:00,2021-09-13 23:00:00,BMT,125,KBF,INV,1650,3000,,,
10012,1109,501,2021-04-04 14:14:30,2021-09-18 10:30:00,2021-09-18 14:00:00,BMT,80,PRE,CMP,1500,3000,456,,
10013,1110,517,2021-04-05 16:17:10,2021-09-20 12:30:00,2021-09-20 16:00:00,PBE,220,GHT,CMP,3000,6000,,,
10014,1111,518,2021-04-09 12:30:26,2021-09-20 12:30:00,2021-09-20 16:00:00,GCN,80,PRE,CLD,3000,3500,,,
10015,1112,518,2021-04-11 11:42:33,2021-09-23 8:00:00,2021-09-23 18:00:00,BDY,200,KBF,CMP,15000,18000,,,
10016,1112,518,2021-04-11 14:36:28,2021-09-23 16:00:00,2021-09-23 23:00:00,BDY,200,CMC,CMP,15000,18000,,,
10017,1114,530,2021-04-16 12:33:54,2021-10-06 18:00:00,2021-10-06 23:00:00,GCN,100,PRE,CMP,2800,4200,446,449,
10018,1115,530,2021-04-19 10:55:45,2021-10-06 18:00:00,2021-10-06 23:00:00,BMT,150,GHT,CLD,2800,5000,,,
10019,1116,533,2021-04-19 14:26:33,2021-10-08 13:00:00,2021-10-08 17:00:00,FNR,200,GHT,CMP,2300,5600,422,442,
10020,1117,501,2021-04-20 11:13:56,2021-10-05 14:00:00,2021-10-05 09:00:00,PBE,130,KBF,CLD,4500,6000,,,
10021,1118,509,2021-04-20 15:30:16,2021-10-06 18:00:00,2021-10-06 23:00:00,BDY,300,GHT,CLD,8800,13500,,,
10022,1119,509,2021-04-23 13:19:21,2021-10-06 18:00:00,2021-10-06 23:00:00,BDY,250,CMC,CLD,4000,8000,,,
10023,1120,533,2021-04-24 12:56:16,2021-10-13 18:00:00,2021-10-13 22:00:00,GCN,165,KBF,CLD,4000,6000,,,
10024,1121,530,2021-04-24 13:46:37,2021-10-16 19:00:00,2021-10-16 23:00:00,GCN,150,GHT,CMP,2500,3600,423,,
10025,1098,518,2021-04-28 11:39:10,2021-10-13 18:00:00,2021-10-13 22:00:00,FNR,300,GHT,CLD,3200,5800,,,
10026,1122,518,2021-04-30 14:56:17,2021-10-16 19:00:00,2021-10-16 23:00:00,GCN,140,KBF,CLD,1500,4500,,,
10027,1123,517,2021-05-03 12:46:28,2021-10-25 18:00:00,2021-10-25 22:00:00,GCN,125,CMC,CLD,6000,12000,,,
10028,1124,530,2021-05-03 15:37:38,2021-10-31 19:00:00,2021-11-01 01:00:00,GCN,165,PRE,CMP,3600,4900,447,449,453
10029,1125,501,2021-05-09 11:21:36,2021-11-04 13:00:00,2021-11-04 19:00:00,FNR,50,PRE,CLD,4500,6000,,,
10030,1126,509,2021-05-11 16:43:37,2021-11-08 17:30:00,2021-11-08 21:00:00,FNR,250,CMC,CMP,4000,6500,423,,
10031,1127,518,2021-05-12 10:59:07,2021-11-10 18:00:00,2021-11-10 22:00:00,BDY,175,GHT,CLD,3200,7000,,,
10032,1128,509,2021-05-12 13:36:04,2021-11-13 18:00:00,2021-11-13 22:00:00,BDY,90,GHT,CMP,2200,3500,,,
10033,1129,517,2021-05-16 14:16:15,2021-11-22 14:00:00,2021-11-22 23:00:00,WED,175,GHT,CLD,3300,4000,,,
10034,1130,509,2021-05-23 10:07:36,2021-11-30 15:00:00,2021-11-30 17:30:00,WED,185,KBF,CMP,3500,5000,448,,
10035,1130,509,2021-05-23 11:45:14,2021-11-30 18:00:00,2021-11-30 23:30:00,WED,185,CMC,CMP,26900,35000,447,452,
10036,1132,510,2021-05-24 11:19:30,2021-12-02 19:00:00,2021-12-02 22:00:00,GCN,90,PRE,CMP,1800,3500,422,,
10037,1133,517,2021-05-29 13:46:51,2021-11-30 13:00:00,2021-11-30 19:30:00,FNR,200,PRE,CLD,4600,9000,,,
10038,1134,510,2021-05-30 10:47:56,2021-12-02 14:00:00,2021-12-02 18:00:00,FNR,300,CMC,CLD,3200,4000,,,
10039,1135,533,2021-06-02 12:26:39,2021-12-01 9:00:00,2021-12-01 15:00:00,PBE,100,GHT,CLD,4300,5300,,,
10040,1136,501,2021-06-03 10:49:36,2021-12-02 10:00:00,2021-12-02 16:00:00,PBE,300,GHT,CMP,9500,15000,432,440,
10041,1136,501,2021-06-03 14:55:07,2021-12-02 10:00:00,2021-12-02 16:00:00,PBE,300,CMC,CMP,10000,16000,423,424,441
10042,1138,509,2021-06-05 14:33:21,2021-12-05 16:00:00,2021-12-05 21:00:00,GCN,160,GHT,INV,5600,12000,,,
10043,1139,509,2021-06-06 16:00:31,2021-12-05 10:00:00,2021-12-05 13:00:00,BMT,350,CMC,CLD,2900,5000,,,
10044,1140,517,2021-06-08 10:41:59,2021-12-05 18:00:00,2021-12-05 21:00:00,GCN,125,CMC,CLD,2000,5000,,,
10045,1141,509,2021-06-09 13:10:46,2021-12-10 15:00:00,2021-12-10 23:00:00,WED,300,CMC,CMP,30000,48000,422,454,456
10046,1142,509,2021-06-10 16:15:11,2021-12-11 10:00:00,2021-12-11 13:00:00,BMT,65,PRE,CMP,4300,6000,,,
10047,1143,510,2021-06-12 10:44:36,2021-12-12 18:00:00,2021-12-12 22:00:00,GCN,125,GHT,CMP,1500,3000,,,
10048,1144,510,2021-06-12 12:48:50,2021-12-11 10:00:00,2021-12-11 13:00:00,WED,100,PRE,CLD,9000,12500,,,
10049,1145,517,2021-06-12 14:35:16,2021-12-12 18:00:00,2021-12-12 22:00:00,BDY,160,KBF,CLD,3300,6000,,,
10050,1146,518,2021-06-15 11:12:59,2021-12-12 14:00:00,2021-12-12 17:00:00,GCN,50,PRE,CMP,3000,6000,440,,
10051,1147,533,2021-06-16 12:46:36,2021-12-12 14:00:00,2021-12-12 17:00:00,FNR,150,KBF,CLD,3500,8500,,,
10052,1148,530,2021-06-16 14:53:18,2021-12-15 18:00:00,2021-12-15 21:00:00,BDY,175,PRE,CLD,5000,6500,,,
10053,1149,518,2021-06-19 11:10:39,2021-12-15 18:00:00,2021-12-15 21:00:00,BDY,175,CMC,CMP,7500,10000,422,,
10054,1150,518,2021-06-20 15:33:16,2021-12-16 17:00:00,2021-12-16 21:00:00,GCN,130,PRE,CLD,3900,6500,,,
10055,1151,509,2021-06-24 10:44:16,2021-12-16 17:00:00,2021-12-16 21:00:00,BDY,175,KBF,CMP,9000,12500,423,,
10056,1152,517,2021-06-24 13:10:56,2021-12-19 10:00:00,2021-12-19 13:00:00,BMT,160,KBF,CLD,5000,7500,,,
10057,1153,530,2021-06-26 12:44:15,2021-12-19 10:00:00,2021-12-19 13:00:00,BMT,150,CMC,CLD,5000,7500,,,
10058,1154,530,2021-06-26 13:14:08,2021-12-18 14:00:00,2021-12-18 20:00:00,WED,350,GHT,CLD,13000,25000,,,
10059,1155,517,2021-06-29 10:02:33,2021-12-18 14:00:00,2021-12-18 20:00:00,GCN,175,KBF,CLD,3100,8000,,,
10060,1156,533,2021-06-30 14:51:16,2021-12-18 14:00:00,2021-12-18 20:00:00,PBE,200,KBF,CMP,4200,6000,,,
10061,1157,518,2021-07-02 11:55:33,2021-12-18 14:00:00,2021-12-18 20:00:00,BDY,125,CMC,CLD,1650,3000,,,
10062,1158,501,2021-07-03 13:46:11,2021-12-18 14:00:00,2021-12-18 20:00:00,WED,230,PRE,CLD,3000,3500,,,
10063,1159,509,2021-06-30 15:00:31,2021-12-18 14:00:00,2021-12-18 20:00:00,PBE,300,CMC,CMP,8600,10000,,,
10064,1160,517,2021-07-10 16:02:13,2022-01-10 18:00:00,2022-01-10 22:00:00,GCN,220,GHT,CLD,2800,5000,,,
10065,1161,518,2021-07-11 11:46:27,2022-01-10 18:00:00,2022-01-10 22:00:00,FNR,80,GHT,CLD,4500,6000,,,
10066,1162,501,2021-07-11 13:20:44,2022-01-10 18:00:00,2022-01-10 22:00:00,BDY,100,CMC,CMP,15000,25000,,,
10067,1163,530,2021-07-12 14:19:56,2022-01-12 16:00:00,2022-01-12 23:00:00,GCN,40,PRE,CLD,8800,13500,,,
10068,1164,533,2021-07-12 10:46:56,2022-01-12 16:00:00,2022-01-12 23:00:00,WED,350,CMC,CLD,30000,50000,,,
10069,1165,517,2021-07-13 13:53:25,2022-01-12 16:00:00,2022-01-12 23:00:00,WED,230,CMC,CMP,29000,36000,,,
10070,1166,530,2021-07-16 14:14:12,2022-01-14 18:00:00,2022-01-14 21:00:00,GCN,150,PRE,CMP,5000,6500,,,
10071,1167,501,2021-07-17 15:52:11,2022-01-14 15:00:00,2022-01-14 19:00:00,WED,135,CMC,CLD,10000,23000,,,
10072,1168,530,2021-07-17 16:20:14,2022-01-14 15:00:00,2022-01-14 19:00:00,BDY,80,GHT,CMP,2200,3500,440,,
10073,1169,518,2021-07-19 12:11:33,2022-01-19 18:00:00,2022-01-19 23:00:00,GCN,60,GHT,CLD,3200,5800,,,
10074,1170,517,2021-07-20 10:53:46,2022-01-15 13:00:00,2022-01-15 15:00:00,BMT,40,CMC,CMP,1800,3000,446,,
10075,1171,501,2021-07-20 12:44:03,2022-01-19 18:00:00,2022-01-19 23:00:00,WED,350,CMC,CMP,26900,35000,422,428,452
10076,1172,517,2021-07-20 13:56:10,2022-01-19 18:00:00,2022-01-19 23:00:00,GCN,100,KBF,INV,1500,4500,,,
10077,1173,509,2021-07-21 11:12:43,2022-01-23 12:00:00,2022-01-23 15:00:00,BMT,80,PRE,CMP,1800,3500,454,,
10078,1174,509,2021-07-21 15:46:10,2022-01-23 18:00:00,2022-01-23 23:00:00,GCN,250,KBF,CMP,9500,15000,423,,
10079,1175,510,2021-07-22 10:44:35,2022-01-24 10:00:00,2022-01-24 13:00:00,BMT,200,KBF,CLD,6000,12000,,,
10080,1176,530,2021-07-22 12:53:46,2022-01-24 10:00:00,2022-01-24 14:00:00,FNR,125,CMC,CLD,4500,6000,,,
10081,1177,530,2021-07-22 16:00:53,2022-01-26 18:00:00,2022-01-26 22:00:00,GCN,180,CMC,CMP,10000,16000,,,
10082,1178,517,2021-07-24 13:55:56,2022-01-26 18:00:00,2022-01-26 22:00:00,GCN,80,KBF,CLD,3200,7000,,,
10083,1179,517,2021-07-24 15:44:12,2022-01-26 13:00:00,2022-01-26 22:00:00,WED,150,GHT,CLD,3300,4000,,,
10084,1180,510,2021-07-25 10:11:36,2022-01-26 18:00:00,2022-01-26 22:00:00,BDY,130,PRE,CLD,4500,6000,,,
10085,1181,509,2021-07-25 14:47:36,2022-01-26 18:00:00,2022-01-26 22:00:00,BDY,300,PRE,CLD,8800,13500,,,
10086,1182,530,2021-07-26 12:14:51,2022-01-26 18:00:00,2022-01-26 22:00:00,GCN,140,GHT,CMP,7000,9000,,,
10087,1183,533,2021-07-26 13:27:34,2022-01-27 10:00:00,2022-01-27 13:00:00,BMT,250,GHT,CLD,4000,8000,,,
10088,1184,533,2021-07-29 10:14:32,2022-01-26 18:00:00,2022-01-26 22:00:00,GCN,165,PRE,CLD,4000,6000,,,
10089,1185,533,2021-07-29 11:58:38,2022-01-31 18:00:00,2022-01-31 23:00:00,GCN,300,CMC,CLD,3200,5800,,,
10090,1186,518,2021-07-29 13:26:53,2022-01-31 18:00:00,2022-01-31 23:00:00,BDY,80,PRE,CMP,3200,5600,,,
10091,1187,517,2021-07-30 10:46:54,2022-01-19 18:00:00,2022-01-19 23:00:00,BMT,140,KBF,CLD,1500,4500,,,
10092,1188,509,2021-08-02 11:56:20,2022-01-23 12:00:00,2022-01-23 15:00:00,PBE,125,CMC,CLD,6000,12000,,,
10093,1189,510,2021-08-02 14:40:46,2022-01-26 18:00:00,2022-01-26 22:00:00,BDY,300,PRE,CLD,4500,6000,,,
10094,1190,530,2021-08-03 11:26:34,2022-01-27 10:00:00,2022-01-27 13:00:00,BDY,150,GHT,CLD,3200,7000,,,
10095,1191,501,2021-08-04 14:15:19,2022-01-26 18:00:00,2022-01-26 22:00:00,GCN,60,CMC,CLD,3300,4000,,,
10096,1192,530,2021-08-05 10:12:27,2022-01-27 10:00:00,2022-01-27 13:00:00,FNR,100,GHT,CLD,10300,15600,,,
10097,1193,530,2021-08-05 16:44:09,2022-02-01 19:00:00,2022-02-01 22:00:00,BDY,100,PRE,CMP,2300,4000,,,
10098,1194,533,2021-08-06 11:17:49,2022-02-01 19:00:00,2022-02-01 22:00:00,GCN,200,PRE,CLD,9500,13500,,,
10099,1195,509,2021-08-06 15:49:42,2022-02-05 17:00:00,2022-02-05 20:00:00,GCN,125,KBF,CLD,4000,6000,,,
10100,1196,510,2021-08-07 16:30:19,2022-02-01 10:00:00,2022-02-01 13:00:00,BMT,55,PRE,CMP,1700,3200,,,
10101,1197,510,2021-08-08 11:14:39,2022-02-02 10:00:00,2022-02-02 13:00:00,BMT,80,KBF,INV,3000,6000,,,
10102,1198,517,2021-08-08 12:56:10,2022-02-02 10:00:00,2022-02-02 13:00:00,BMT,40,PRE,CMP,1900,5000,422,,
10103,1199,530,2021-08-09 16:28:37,2022-04-03 18:00:00,2022-04-03 22:00:00,PBE,150,CMC,INV,3600,7000,,,
10104,1200,533,2021-08-11 11:14:56,2022-04-03 18:00:00,2022-04-03 22:00:00,BDY,45,GHT,CMP,4200,6000,422,442,
10105,1201,509,2021-08-11 16:00:42,2022-01-27 10:00:00,2022-01-27 13:00:00,FNR,130,KBF,CLD,2100,3500,,,
10106,1202,530,2021-08-12 10:03:19,2022-02-03 14:00:00,2022-02-03 20:00:00,FNR,180,CMC,CMP,7000,10000,423,,
10107,1203,533,2021-08-12 15:41:59,2022-02-05 17:00:00,2022-02-05 20:00:00,BDY,300,PRE,CLD,9000,12500,,,
10108,1204,517,2021-08-14 12:03:56,2022-02-05 17:00:00,2022-02-05 20:00:00,GCN,160,KBF,CMP,2500,3600,447,449,453
10109,1205,518,2021-08-14 16:04:43,2022-02-07 12:00:00,2022-02-07 15:00:00,GCN,60,KBF,CMP,4700,6500,423,,
10110,1206,518,2021-08-15 10:10:33,2022-02-05 17:00:00,2022-02-05 20:00:00,WED,250,GHT,CLD,9000,15000,,,
10111,1207,510,2021-08-15 13:36:54,2022-02-07 12:00:00,2022-02-07 15:00:00,FNR,165,KBF,CLD,5400,10500,,,
10112,1208,509,2021-08-15 13:59:42,2022-02-08 10:00:00,2022-02-08 14:00:00,BMT,45,PRE,CMP,1600,4800,440,,
10113,1209,510,2021-08-16 11:16:46,2022-02-08 10:00:00,2022-02-08 14:00:00,FNR,300,GHT,CLD,6000,13500,,,
10114,1210,509,2021-08-16 12:39:49,2022-02-11 19:00:00,2022-02-11 23:00:00,PBE,140,CMC,CLD,3000,6000,,,
10115,1211,530,2021-08-16 16:10:45,2022-02-11 19:00:00,2022-02-11 23:00:00,GCN,125,GHT,CMP,4000,5600,,,
10116,1212,533,2021-08-17 11:14:56,2022-02-14 11:00:00,2022-02-14 14:00:00,GCN,125,KBF,CLD,4600,5600,,,
10117,1213,533,2021-08-17 12:59:33,2022-02-14 11:00:00,2022-02-14 14:00:00,BMT,80,PRE,CMP,2000,3900,,,
10118,1214,530,2021-08-19 10:46:56,2022-04-06 18:00:00,2022-04-06 22:00:00,GCN,50,GHT,CLD,3300,5500,,,
10119,1200,509,2021-08-19 13:39:48,2022-04-06 18:00:00,2022-04-06 22:00:00,BDY,60,GHT,CMP,1600,3500,,,
10120,1215,510,2021-08-20 11:19:47,2022-02-19 18:00:00,2022-02-19 22:00:00,WED,175,KBF,CLD,5000,7500,,,
10121,1216,530,2021-08-20 15:36:24,2022-02-20 17:00:00,2022-02-20 21:00:00,BDY,175,CMC,CLD,3200,6000,,,
10122,1217,533,2021-08-21 10:13:34,2022-02-19 18:00:00,2022-02-19 22:00:00,GCN,150,CMC,CMP,4400,6000,432,448,
10123,1218,501,2021-08-21 11:17:28,2022-02-20 17:00:00,2022-02-20 21:00:00,BDY,85,CMC,CMP,3000,4400,,,
10124,1219,509,2021-08-21 14:19:08,2022-02-19 18:00:00,2022-02-19 22:00:00,FNR,200,PRE,CLD,3100,8000,,,
10125,1220,530,2021-08-22 13:56:41,2022-02-20 17:00:00,2022-02-20 21:00:00,BDY,300,GHT,CLD,1650,3000,,,
10126,1221,530,2021-08-24 16:54:33,2022-02-23 17:00:00,2022-02-23 21:00:00,GCN,125,GHT,CLD,3000,3500,,,
10127,1222,533,2021-08-25 11:22:30,2022-02-23 17:00:00,2022-02-23 21:00:00,GCN,130,GHT,CMP,4400,6000,,,
10128,1223,509,2021-08-25 13:42:43,2022-02-25 18:00:00,2022-02-25 22:00:00,BMT,50,PRE,CLD,2800,5000,,,
10129,1224,510,2021-08-26 10:47:49,2022-02-25 18:00:00,2022-02-25 22:00:00,GCN,140,CMC,CMP,4000,8000,,,
10130,1225,518,2021-08-26 15:33:17,2022-02-25 14:00:00,2022-02-25 18:00:00,GCN,120,GHT,CMP,3000,3500,,,
10131,1226,518,2021-08-28 10:46:10,2022-02-28 18:00:00,2022-02-28 22:30:00,GCN,140,CMC,CMP,4500,6100,,,
10132,1227,518,2021-08-28 12:27:55,2022-02-25 14:00:00,2022-02-25 18:00:00,BDY,175,GHT,CLD,4500,6000,,,
10133,1228,509,2021-08-29 11:47:36,2022-02-28 18:00:00,2022-02-28 22:30:00,WED,175,PRE,CLD,8800,13500,,,
10134,1229,510,2021-08-29 14:22:12,2022-02-28 15:00:00,2022-02-28 19:00:00,BDY,80,GHT,CMP,3000,5000,430,,
10135,1230,518,2021-08-31 10:16:56,2022-02-28 15:00:00,2022-02-28 19:00:00,GCN,250,PRE,CLD,4000,8000,,,
10136,1231,530,2021-09-02 13:14:48,2022-03-02 14:00:00,2022-03-02 22:00:00,BDY,165,GHT,CLD,4000,6000,,,
10137,1232,533,2021-09-03 10:44:36,2022-02-25 14:00:00,2022-02-25 18:00:00,WED,300,PRE,CLD,14000,20000,,,
10138,1233,517,2021-09-03 11:22:17,2022-03-02 14:00:00,2022-03-02 22:00:00,FNR,350,KBF,CMP,13500,20200,454,,
10139,1234,509,2021-09-03 13:44:21,2022-02-25 18:00:00,2022-02-25 22:00:00,GCN,140,CMC,CLD,6000,11000,,,
10140,1235,533,2021-09-03 16:56:01,2022-02-25 14:00:00,2022-02-25 18:00:00,FNR,125,KBF,CLD,6000,12000,,,
10141,1236,501,2021-09-04 10:03:06,2022-03-10 18:00:00,2022-03-12 23:00:00,PBE,500,CMC,CMP,85000,125500,427,430,441
10142,1236,501,2021-09-04 10:59:10,2022-03-10 18:00:00,2022-03-12 23:00:00,PBE,500,CMC,CMP,85000,125500,446,454,458
10143,1236,501,2021-09-04 15:46:50,2022-03-10 18:00:00,2022-03-12 23:00:00,PBE,500,KBF,CMP,85000,125500,460,450,455
10144,1239,518,2021-09-05 11:14:16,2022-03-09 10:00:00,2022-03-09 13:00:00,GCN,300,CMC,CLD,4500,6000,,,
10145,1240,509,2021-09-05 14:42:30,2022-03-09 10:00:00,2022-03-09 13:00:00,WED,150,PRE,CLD,3200,7000,,,
10146,1241,510,2021-09-07 10:16:33,2022-03-11 14:00:00,2022-03-11 17:00:00,BMT,50,PRE,CMP,1500,4500,422,452,
10147,1242,518,2021-09-07 13:15:15,2022-03-13 18:00:00,2022-03-13 21:00:00,WED,60,GHT,CLD,3100,8000,,,
10148,1243,530,2021-09-07 15:02:39,2022-03-18 18:00:00,2022-03-18 22:00:00,GCN,100,CMC,CLD,1650,3000,,,
10149,1244,533,2021-09-08 10:44:16,2022-03-20 10:00:00,2022-03-20 14:00:00,BMT,200,GHT,CLD,3000,3500,,,
10150,1245,517,2021-09-10 11:12:36,2022-02-04 15:00:00,2022-02-04 21:00:00,FNR,125,KBF,CLD,2800,5000,,,
10151,1246,509,2021-09-10 12:12:16,2022-03-11 14:00:00,2022-03-11 17:00:00,GCN,125,KBF,CMP,6000,12000,460,,
10152,1247,517,2021-09-12 13:56:00,2022-03-13 18:00:00,2022-03-13 21:00:00,GCN,80,GHT,CLD,4500,6000,,,
10153,1248,509,2021-09-12 15:58:19,2022-03-14 17:00:00,2022-03-14 23:00:00,WED,80,KBF,CLD,8800,13500,,,
10154,1249,509,2021-09-13 10:44:32,2022-03-14 17:00:00,2022-03-14 23:00:00,GCN,150,CMC,CLD,4000,8000,,,
10155,1250,510,2021-09-14 11:20:30,2022-03-13 18:00:00,2022-03-13 21:00:00,GCN,50,GHT,CMP,2500,6000,458,,
10156,1251,530,2021-09-15 10:16:32,2022-03-11 14:00:00,2022-03-11 17:00:00,BDY,130,PRE,CLD,4000,6000,,,
10157,1252,530,2021-09-15 15:44:10,2022-03-14 17:00:00,2022-03-14 23:00:00,WED,175,KBF,CMP,23200,36500,452,460,
10158,1253,517,2021-09-16 13:44:14,2022-03-18 12:00:00,2022-03-18 18:00:00,GCN,300,GHT,CLD,3200,5800,,,
10159,1254,517,2021-09-19 10:49:36,2022-03-18 12:00:00,2022-03-18 18:00:00,BDY,175,CMC,CLD,3300,4000,,,
10160,1255,510,2021-09-19 13:16:11,2022-03-16 12:00:00,2022-03-16 18:00:00,FNR,200,PRE,CMP,30000,35000,423,450,
10161,1256,509,2021-09-19 14:49:39,2022-03-18 18:00:00,2022-03-18 22:00:00,BDY,300,GHT,CLD,3200,4000,447,,
10162,1257,530,2021-09-20 12:52:30,2022-03-14 17:00:00,2022-03-14 23:00:00,WED,250,GHT,CLD,1500,4500,,,
10163,1258,533,2021-09-20 15:44:36,2022-03-18 18:00:00,2022-03-18 22:00:00,GCN,125,GHT,CMP,4300,5300,,,
10164,1259,517,2021-09-22 10:26:16,2022-03-19 10:00:00,2022-03-19 14:00:00,GCN,165,PRE,CLD,6000,12000,,,
10165,1260,509,2021-09-22 13:44:21,2022-03-20 10:00:00,2022-03-20 14:00:00,BMT,50,PRE,CMP,2900,5000,,,
10166,1261,509,2021-09-23 10:48:25,2022-02-04 15:00:00,2022-02-04 21:00:00,BDY,175,GHT,CMP,5600,8000,,,
10167,1262,510,2021-09-23 13:46:26,2022-03-20 10:00:00,2022-03-20 14:00:00,WED,175,PRE,CLD,9000,12500,,,
10168,1263,530,2021-09-23 14:20:18,2022-02-04 15:00:00,2022-02-04 21:00:00,FNR,300,GHT,CLD,4500,6000,,,
10169,1264,530,2021-09-23 14:46:52,2022-03-20 10:00:00,2022-03-20 14:00:00,GCN,250,PRE,CLD,3300,6000,,,
10170,1265,517,2021-09-23 15:33:10,2022-03-23 15:00:00,2022-03-23 22:00:00,BDY,165,CMC,CMP,6000,7000,,,
10171,1266,517,2021-09-24 10:10:04,2022-03-20 10:00:00,2022-03-20 14:00:00,GCN,140,PRE,CLD,4500,6000,,,
10172,1267,510,2021-09-24 16:03:15,2022-03-23 15:00:00,2022-03-23 22:00:00,WED,300,CMC,CMP,22000,46000,422,448,454
10173,1268,509,2021-09-28 10:05:13,2022-03-27 16:00:00,2022-03-27 20:00:00,WED,125,PRE,CLD,8800,13500,,,
10174,1269,530,2021-09-28 11:15:36,2022-03-27 16:00:00,2022-03-27 20:00:00,GCN,140,CMC,CMP,6000,11000,422,453,
10175,1270,533,2021-09-30 15:44:10,2022-03-15 10:30:00,2022-03-15 14:00:00,WED,50,GHT,CLD,4000,8000,,,
10176,1271,530,2021-10-02 11:01:20,2022-03-30 18:00:00,2022-03-30 23:00:00,GCN,175,PRE,CLD,4000,6000,,,
10177,1272,530,2021-10-02 13:15:17,2022-03-15 10:30:00,2022-03-15 14:00:00,BMT,65,KBF,CMP,1800,3000,,,
10178,1273,517,2021-10-03 12:47:16,2022-03-27 18:00:00,2022-03-27 23:00:00,BMT,175,CMC,CLD,3200,5800,,,
10179,1274,518,2021-10-03 16:00:17,2022-03-30 18:00:00,2022-03-30 23:00:00,GCN,300,CMC,CMP,23000,35000,,,
10180,1275,517,2021-10-05 10:09:55,2022-03-20 10:00:00,2022-03-20 14:00:00,FNR,200,KBF,CLD,1500,4500,,,
10181,1276,509,2021-10-05 13:16:44,2022-03-23 15:00:00,2022-03-23 22:00:00,WED,300,CMC,CLD,6000,12000,,,
10182,1277,510,2021-10-06 12:14:28,2022-04-02 14:00:00,2022-04-02 23:00:00,WED,250,KBF,CMP,41000,50000,,,
10183,1278,509,2021-10-09 11:16:54,2022-04-02 14:00:00,2022-04-02 23:00:00,GCN,125,CMC,CLD,4500,6000,,,
10184,1279,510,2021-10-09 12:13:56,2022-04-04 16:00:00,2022-04-04 22:00:00,BMT,50,CMC,CLD,3200,7000,,,
10185,1280,530,2021-10-10 13:52:40,2022-04-04 16:00:00,2022-04-04 22:00:00,WED,180,GHT,CMP,16000,30000,,,
10186,1281,533,2021-10-11 11:46:30,2022-04-08 19:00:00,2022-04-08 22:00:00,GCN,100,CMC,CMP,4000,7000,,,
10187,1282,533,2021-10-11 13:52:11,2022-04-05 9:30:00,2022-04-05 12:30:00,FNR,175,KBF,CLD,3300,4000,,,
10188,1283,501,2021-10-11 15:05:06,2022-03-30 18:00:00,2022-03-30 23:00:00,BMT,40,GHT,CLD,1500,3000,,,
10189,1284,517,2021-10-12 11:52:36,2022-04-05 9:30:00,2022-04-05 12:30:00,BMT,40,PRE,CMP,1650,3000,,,
10190,1285,530,2021-10-12 14:40:06,2022-04-05 9:30:00,2022-04-05 12:30:00,BDY,125,KBF,INV,8800,13500,,,
10191,1286,533,2021-10-12 15:27:36,2022-04-12 10:00:00,2022-04-12 14:00:00,BDY,50,CMC,INV,4000,8000,,,
10192,1287,530,2021-10-15 12:15:06,2022-04-17 14:00:00,2022-04-17 18:00:00,GCN,175,PRE,CLD,4300,6000,,,
10193,1288,530,2021-10-15 13:02:36,2022-04-11 15:00:00,2022-04-11 20:00:00,GCN,175,PRE,CLD,8800,13500,,,
10194,1289,517,2021-10-16 14:50:06,2022-04-11 15:00:00,2022-04-11 20:00:00,GCN,175,GHT,CMP,4000,8000,451,,
10195,1290,518,2021-10-17 11:37:36,2022-04-10 10:00:00,2022-04-10 14:00:00,GCN,175,GHT,CLD,1650,3000,,,
10196,1291,517,2021-10-18 10:25:06,2022-04-10 10:00:00,2022-04-10 14:00:00,BMT,40,GHT,CMP,1500,2500,447,,
10197,1292,509,2021-10-20 10:12:36,2022-04-15 13:00:00,2022-04-15 21:00:00,PBE,165,KBF,CMP,3200,5800,422,453,
10198,1293,510,2021-10-20 13:00:06,2022-04-10 10:00:00,2022-04-10 14:00:00,BMT,250,GHT,CLD,3000,3500,,,
10199,1294,509,2021-10-21 13:47:36,2022-04-10 10:00:00,2022-04-10 14:00:00,PBE,165,PRE,CLD,2800,5000,,,
10200,1295,510,2021-10-22 10:35:06,2022-04-15 13:00:00,2022-04-15 21:00:00,GCN,300,GHT,INV,4500,6000,,,
10201,1296,530,2021-10-22 16:01:36,2022-04-17 14:00:00,2022-04-17 18:00:00,BDY,70,PRE,CMP,3000,4500,432,,
10202,1297,533,2021-10-23 10:10:06,2022-04-17 14:00:00,2022-04-17 18:00:00,FNR,140,PRE,INV,8800,13500,,,
10203,1298,533,2021-10-24 14:57:36,2022-04-17 14:00:00,2022-04-17 18:00:00,GCN,125,PRE,INV,4000,8000,,,
10204,1299,501,2021-10-25 11:45:06,2022-04-17 18:00:00,2022-04-17 22:00:00,GCN,300,GHT,INV,4000,6000,,,
10205,1300,517,2021-10-27 10:32:36,2022-04-17 18:00:00,2022-04-17 22:00:00,BDY,60,CMC,CMP,2500,6800,454,,
10206,1301,517,2021-10-27 11:15:32,2022-04-22 16:00:00,2022-04-22 21:00:00,BDY,150,PRE,CLD,4300,6000,,,
10207,1302,530,2021-10-28 12:07:36,2022-04-22 16:00:00,2022-04-22 21:00:00,GCN,100,KBF,CMP,4500,6000,,,
10208,1303,533,2021-10-28 16:01:06,2022-04-10 10:00:00,2022-04-10 14:00:00,BDY,60,CMC,CLD,1650,3000,,,
10209,1304,530,2021-10-29 10:42:36,2022-04-15 13:00:00,2022-04-15 21:00:00,GCN,100,KBF,CLD,3000,3500,,,
10210,1305,530,2021-10-30 15:30:06,2022-04-17 14:00:00,2022-04-17 18:00:00,GCN,200,CMC,INV,2800,5000,,,
10211,1306,517,2021-10-31 13:17:36,2022-04-23 18:00:00,2022-04-23 22:30:00,GCN,180,CMC,CMP,3200,7000,,,
10212,1307,518,2021-11-02 14:36:01,2022-04-17 14:00:00,2022-04-17 18:00:00,GCN,180,PRE,CLD,4500,6000,,,
10213,1308,517,2021-11-03 10:15:16,2022-04-17 14:00:00,2022-04-17 18:00:00,BMT,130,CMC,CLD,8800,13500,,,
10214,1309,509,2021-11-03 13:40:06,2022-04-23 18:00:00,2022-04-23 22:30:00,GCN,165,CMC,CLD,4000,8000,,,
10215,1310,510,2021-11-04 10:27:36,2022-04-24 10:00:00,2022-04-24 13:00:00,BMT,65,PRE,CMP,1500,3300,,,
10216,1311,509,2021-11-04 11:15:06,2022-04-26 18:00:00,2022-04-26 22:30:00,GCN,190,PRE,CLD,4000,6000,,,
10217,1312,510,2021-11-05 16:02:36,2022-04-24 10:00:00,2022-04-24 13:00:00,WED,200,KBF,CLD,3200,5800,,,
10218,1313,530,2021-11-06 14:50:06,2022-04-23 18:00:00,2022-04-23 22:30:00,FNR,90,GHT,INV,1500,4500,,,
10219,1314,533,2021-11-07 11:37:36,2022-04-24 10:00:00,2022-04-24 13:00:00,BDY,90,PRE,INV,6000,12000,,,
10220,1315,533,2021-11-08 14:25:06,2022-04-29 13:00:00,2022-04-29 18:00:00,GCN,165,CMC,CMP,4600,9000,,,
10221,1316,501,2021-11-09 15:12:36,2022-04-17 14:00:00,2022-04-17 18:00:00,GCN,190,PRE,CLD,3200,4000,433,,
10222,1317,517,2021-11-10 12:00:06,2022-04-17 14:00:00,2022-04-17 18:00:00,BMT,75,GHT,CLD,4500,6000,,,
10223,1318,510,2021-11-10 15:47:36,2022-04-23 18:00:00,2022-04-23 22:30:00,GCN,175,PRE,CLD,3000,6000,,,
10224,1319,510,2021-11-11 10:35:06,2022-04-30 18:00:00,2022-04-30 22:30:00,GCN,200,KBF,CLD,1800,3400,,,
10225,1320,509,2021-11-12 16:22:36,2022-05-01 14:00:00,2022-05-01 22:30:00,WED,200,KBF,CMP,4300,5300,433,,
10226,1321,517,2021-11-13 13:10:06,2022-05-02 14:00:00,2022-05-02 22:30:00,WED,400,CMC,CLD,3300,5500,,,
10227,1322,530,2021-11-14 11:57:36,2022-05-06 10:00:00,2022-05-06 14:00:00,BMT,70,PRE,CMP,2900,5000,438,,
10228,1323,533,2021-11-15 14:45:06,2022-05-11 19:00:00,2022-05-11 23:30:00,BDY,120,PRE,CLD,5000,7500,,,
10229,1324,530,2021-11-16 13:32:36,2022-05-11 10:30:00,2022-05-11 13:30:00,GCN,200,GHT,CLD,3200,6000,,,
10230,1325,510,2021-11-16 15:20:06,2022-05-04 16:00:00,2022-05-04 22:00:00,GCN,175,PRE,CMP,3600,5500,422,447,
10231,1326,509,2021-11-17 11:07:36,2022-05-10 16:00:00,2022-05-10 22:00:00,WED,65,PRE,INV,3100,8000,,,
10232,1327,517,2021-11-18 14:55:06,2022-05-11 19:00:00,2022-05-11 23:30:00,GCN,200,KBF,CMP,4000,8000,446,,
10233,1328,510,2021-11-19 14:42:36,2022-05-11 10:30:00,2022-05-11 13:30:00,BMT,60,PRE,CMP,1800,3500,442,,
10234,1329,510,2021-11-20 11:30:06,2022-05-10 16:00:00,2022-05-10 22:00:00,WED,150,CMC,CLD,23000,30000,,,
10235,1330,509,2021-11-21 10:17:36,2022-05-15 18:00:00,2022-05-15 23:00:00,GCN,200,CMC,CMP,10000,16000,,,
10236,1331,517,2021-11-22 10:05:06,2022-05-11 19:00:00,2022-05-11 23:30:00,GCN,130,GHT,CLD,1650,3000,,,
10237,1332,530,2021-11-22 10:52:36,2022-05-11 10:30:00,2022-05-11 13:30:00,BDY,120,PRE,CLD,3000,3500,,,
10238,1333,533,2021-11-22 12:40:06,2022-05-13 16:00:00,2022-05-13 22:00:00,FNR,200,PRE,CLD,2800,5000,,,
10239,1334,530,2021-11-23 10:27:36,2022-05-11 10:30:00,2022-05-11 13:30:00,FNR,180,CMC,INV,4000,6000,,,
10240,1335,510,2021-11-23 16:15:06,2022-05-13 16:00:00,2022-05-13 22:00:00,BDY,130,GHT,CLD,8800,13500,,,
10241,1336,509,2021-11-26 13:02:36,2022-05-16 18:00:00,2022-05-16 23:00:00,GCN,165,PRE,CLD,4000,8000,,,
10242,1337,517,2021-11-27 13:50:06,2022-05-16 18:00:00,2022-05-16 23:00:00,GCN,125,KBF,CMP,7000,9000,,,
10243,1338,510,2021-11-28 10:37:36,2022-05-16 18:00:00,2022-05-16 23:00:00,PBE,190,KBF,CLD,4000,6000,,,
10244,1339,510,2021-11-29 13:25:06,2022-05-19 16:00:00,2022-05-19 21:00:00,BDY,80,KBF,CMP,4000,5600,447,,
10245,1340,509,2021-11-30 13:50:06,2022-05-19 16:00:00,2022-05-19 21:00:00,PBE,200,KBF,CLD,3200,5800,,,
10246,1341,517,2021-11-30 15:14:30,2022-05-19 16:00:00,2022-05-19 21:00:00,BDY,90,CMC,CMP,6000,8000,422,439,
10247,1342,530,2021-12-02 10:13:56,2022-05-14 10:00:00,2022-05-14 13:00:00,BMT,90,CMC,CLD,1500,4500,,,
10248,1343,533,2021-12-02 14:20:17,2022-05-21 19:00:00,2022-05-21 23:00:00,BMT,90,KBF,CLD,6000,12000,,,
10249,1344,530,2021-12-03 12:12:16,2022-05-19 16:00:00,2022-05-19 21:00:00,GCN,75,PRE,CLD,4500,6000,,,
10250,1345,510,2021-12-05 16:01:00,2022-05-14 10:00:00,2022-05-14 13:00:00,BMT,40,PRE,CMP,1700,3200,432,440,
10251,1346,509,2021-12-07 10:49:44,2022-05-21 19:00:00,2022-05-21 23:00:00,GCN,120,CMC,CMP,3500,5000,,,
10252,1347,533,2021-12-09 14:38:28,2022-05-14 10:00:00,2022-05-14 13:00:00,GCN,175,GHT,CLD,3200,7000,,,
10253,1348,530,2021-12-10 16:01:15,2022-05-21 19:00:00,2022-05-21 23:00:00,BDY,200,KBF,CLD,3300,4000,,,
10254,1349,533,2021-12-13 11:19:20,2022-05-22 16:00:00,2022-05-22 21:00:00,GCN,175,CMC,CLD,4200,6000,446,449,
10255,1350,517,2021-12-13 14:10:18,2022-05-22 16:00:00,2022-05-22 21:00:00,GCN,110,CMC,CMP,7000,10000,422,442,
10256,1351,509,2021-12-16 10:19:33,2022-05-21 19:00:00,2022-05-21 23:00:00,PBE,400,GHT,CLD,4600,9000,,,
10257,1352,533,2021-12-16 13:15:10,2022-05-19 16:00:00,2022-05-19 21:00:00,BDY,120,CMC,CLD,3200,4000,,,
10258,1353,533,2021-12-18 14:32:51,2022-05-14 10:00:00,2022-05-14 13:00:00,GCN,200,KBF,CLD,4300,5300,,,
10259,1354,501,2022-01-05 11:10:31,2022-05-26 17:00:00,2022-05-26 22:00:00,BMT,40,PRE,CLD,2500,3600,423,,
10260,1355,517,2022-01-09 13:15:10,2022-05-22 18:00:00,2022-05-22 22:00:00,BDY,135,KBF,CMP,4700,6500,447,449,453
10261,1356,517,2021-01-10 11:11:12,2022-05-07 10:30:00,2022-05-07 13:30:00,PBE,65,GHT,CLD,5600,12000,,,
10262,1357,530,2021-01-10 13:39:26,2022-05-26 17:00:00,2022-05-26 22:00:00,BMT,130,KBF,CLD,2900,5000,,,
10263,1358,533,2021-01-14 15:44:36,2022-05-07 10:30:00,2022-05-07 13:30:00,BMT,70,PRE,CMP,1600,4800,423,,
10264,1359,530,2021-01-16 13:55:42,2022-05-30 14:00:00,2022-05-30 20:00:00,GCN,120,CMC,CLD,2000,5000,,,
10265,1360,530,2021-01-17 11:42:31,2022-05-25 11:00:00,2022-05-25 13:00:00,WED,200,PRE,CLD,1800,3000,,,
10266,1361,517,2021-01-17 13:55:45,2022-05-26 17:00:00,2022-05-26 22:00:00,GCN,160,GHT,CMP,4000,5600,,,
10267,1362,518,2022-01-18 10:16:54,2022-05-26 17:00:00,2022-05-26 22:00:00,BDY,300,GHT,CLD,1600,3500,,,
10268,1363,517,2022-01-19 10:43:01,2022-05-30 14:00:00,2022-05-30 20:00:00,FNR,200,GHT,CMP,16000,28000,,,
10269,1364,509,2022-01-20 11:09:08,2022-05-25 11:00:00,2022-05-25 13:00:00,BMT,40,PRE,CMP,1600,3500,,,
10270,1365,510,2022-01-21 11:35:15,2022-05-29 10:30:00,2022-05-29 12:30:00,FNR,125,GHT,CLD,3500,8500,,,
10271,1366,509,2022-01-22 12:01:22,2022-05-26 17:00:00,2022-05-26 22:00:00,BDY,50,PRE,CLD,5000,6500,,,
10272,1367,510,2022-01-23 12:27:29,2022-05-30 14:00:00,2022-05-30 20:00:00,GCN,175,CMC,CLD,3900,6500,,,
10273,1368,530,2022-01-24 12:53:36,2022-05-25 11:00:00,2022-05-25 13:00:00,BMT,175,GHT,CLD,5000,7500,,,
10274,1369,533,2022-01-25 13:19:43,2022-05-29 10:30:00,2022-05-29 12:30:00,BMT,40,PRE,CMP,1800,3500,447,,
10275,1370,533,2022-01-26 13:45:50,2022-06-02 14:30:00,2022-06-02 21:30:00,BMT,250,GHT,CLD,5000,7500,,,
10276,1371,501,2022-01-27 14:11:57,2022-06-05 13:00:00,2022-06-05 20:00:00,WED,165,CMC,CLD,3200,6000,,,
10277,1372,517,2022-01-28 14:38:04,2022-06-02 14:30:00,2022-06-02 21:30:00,WED,210,GHT,CMP,23000,30000,,,
10278,1373,510,2022-01-29 15:04:11,2022-06-05 13:00:00,2022-06-05 20:00:00,GCN,135,CMC,CMP,10000,16000,453,,
10279,1374,510,2022-01-30 15:30:18,2022-06-08 14:00:00,2022-06-08 22:00:00,GCN,300,CMC,CLD,3100,8000,,,
10280,1375,509,2022-01-31 15:56:25,2022-06-09 16:00:00,2022-06-09 21:00:00,GCN,100,CMC,CLD,7000,9000,,,
10281,1376,517,2022-02-01 16:22:32,2022-06-12 10:00:00,2022-06-12 13:00:00,BDY,140,PRE,CLD,1650,3000,,,
10282,1377,530,2022-02-02 10:48:39,2022-06-05 13:00:00,2022-06-05 20:00:00,FNR,125,KBF,INV,1700,3200,,,
10283,1378,533,2022-02-02 15:14:46,2022-06-08 14:00:00,2022-06-08 22:00:00,BDY,100,CMC,CMP,3200,5600,,,
10284,1379,530,2022-02-03 10:40:53,2022-06-09 16:00:00,2022-06-09 21:00:00,WED,300,KBF,CLD,2800,5000,,,
10285,1380,510,2022-02-03 11:07:00,2022-06-13 18:00:00,2022-06-13 21:00:00,GCN,150,PRE,CLD,4500,6000,,,
10286,1381,509,2022-02-05 14:33:07,2022-06-09 16:00:00,2022-06-09 21:00:00,BDY,60,GHT,CMP,4000,6000,,,
10287,1382,517,2022-02-06 10:59:14,2022-06-12 10:00:00,2022-06-12 13:00:00,BMT,25,PRE,CMP,1000,1300,430,,
10288,1383,510,2022-02-06 12:25:21,2022-07-31 18:00:00,2022-07-31 21:00:00,FNR,60,PRE,CLD,8800,13500,,,
10289,1384,510,2022-02-08 10:20:28,2022-06-19 15:00:00,2022-06-19 20:00:00,GCN,100,KBF,CLD,4000,8000,,,
10290,1385,509,2022-02-09 10:39:35,2022-06-13 18:00:00,2022-06-13 21:00:00,GCN,90,CMC,CMP,3500,5000,454,,
10291,1386,517,2022-02-10 10:58:42,2022-06-13 18:00:00,2022-06-13 21:00:00,WED,200,CMC,CLD,4000,6000,,,
10292,1387,530,2022-02-11 11:17:49,2022-06-13 18:00:00,2022-06-13 21:00:00,GCN,90,GHT,CMP,4200,6000,427,430,441
10293,1388,533,2022-02-12 11:36:56,2022-06-09 16:00:00,2022-06-09 21:00:00,WED,125,GHT,CLD,3200,5800,,,
10294,1389,530,2022-02-13 11:56:03,2022-06-12 10:00:00,2022-06-12 13:00:00,GCN,80,KBF,CLD,1500,4500,,,
10295,1390,510,2022-02-14 12:15:10,2022-06-19 15:00:00,2022-06-19 20:00:00,BMT,80,CMC,CLD,6000,12000,,,
10296,1391,509,2022-02-15 12:34:17,2022-07-31 18:00:00,2022-07-31 21:00:00,FNR,75,PRE,CLD,4500,6000,,,
10297,1392,517,2022-02-16 12:53:24,2022-06-19 15:00:00,2022-06-19 20:00:00,BDY,100,PRE,CMP,6000,12000,446,,
10298,1393,510,2022-02-17 13:12:31,2022-08-05 17:30:00,2022-08-05 21:30:00,GCN,130,GHT,CLD,3200,7000,,,
10299,1391,510,2022-02-18 13:31:38,2022-08-05 17:30:00,2022-08-05 21:30:00,BDY,100,GHT,CMP,2200,3000,441,,
10300,1394,509,2022-02-19 13:50:45,2022-06-27 19:00:00,2022-06-27 23:00:00,WED,300,GHT,CLD,4000,6000,,,
10301,1395,517,2022-02-20 14:09:52,2022-06-29 17:00:00,2022-06-29 20:30:00,BDY,250,PRE,CLD,1700,3200,,,
10302,1396,530,2022-02-21 14:28:59,2022-06-20 12:00:00,2022-06-20 21:00:00,PBE,220,KBF,CMP,1800,3500,422,450,458
10303,1397,533,2022-02-22 14:48:06,2022-06-20 12:00:00,2022-06-20 21:00:00,BDY,165,PRE,CLD,1900,5000,,,
10304,1398,530,2022-02-23 10:07:13,2022-06-27 19:00:00,2022-06-27 23:00:00,GCN,90,CMC,CMP,23000,30000,422,,
10305,1399,510,2022-02-24 11:26:20,2022-06-29 17:00:00,2022-06-29 20:30:00,GCN,125,GHT,CMP,10000,16000,423,,
10306,1400,509,2022-02-25 12:45:27,2022-07-03 17:00:00,2022-07-03 20:00:00,GCN,50,CMC,CMP,7000,9000,,,
10307,1401,533,2022-02-26 14:04:34,2022-07-10 14:00:00,2022-07-10 23:00:00,WED,175,CMC,CMP,3200,5600,,,
10308,1402,530,2022-02-26 15:23:41,2022-07-11 13:30:00,2022-07-11 21:30:00,FNR,200,GHT,CMP,4000,6000,,,
10309,1403,533,2022-02-28 10:42:48,2022-07-14 18:00:00,2022-07-14 23:00:00,GCN,125,KBF,CMP,1700,3200,,,
10310,1404,517,2022-03-01 11:03:55,2022-07-15 10:00:00,2022-07-15 13:00:00,BMT,300,CMC,CLD,4200,6000,,,
10311,1405,509,2022-03-02 11:25:02,2022-07-15 10:00:00,2022-07-15 13:00:00,BMT,50,PRE,CMP,3500,5000,,,
10312,1406,530,2022-03-03 11:46:09,2022-07-20 16:00:00,2022-07-20 20:00:00,BDY,175,CMC,CMP,4200,6000,,,
10313,1407,533,2022-03-04 12:07:16,2022-08-01 13:00:00,2022-08-01 17:00:00,GCN,50,GHT,CLD,7000,10000,,,
10314,1408,530,2022-03-05 12:28:23,2022-08-04 10:00:00,2022-08-04 12:30:00,GCN,60,PRE,CLD,2500,3600,,,
10315,1409,517,2022-03-06 12:49:30,2022-07-21 18:00:00,2022-07-21 23:00:00,BMT,125,KBF,CLD,4700,6500,,,
10316,1410,518,2022-03-07 13:10:37,2022-07-21 18:00:00,2022-07-21 23:00:00,BDY,165,GHT,CMP,7000,10000,,,
10317,1411,518,2022-03-08 13:31:44,2022-07-25 12:00:00,2022-07-25 19:00:00,PBE,140,KBF,CLD,1600,4800,,,
10318,1412,509,2022-03-09 13:52:51,2022-07-25 12:00:00,2022-07-25 19:00:00,WED,300,KBF,CMP,35000,49000,,,
10319,1413,518,2022-03-10 14:13:58,2022-08-01 13:00:00,2022-08-01 17:00:00,BDY,100,CMC,CLD,4000,5600,,,
10320,1414,533,2022-03-11 14:35:05,2022-08-04 10:00:00,2022-08-04 12:30:00,BDY,80,KBF,CLD,2000,3900,,,
10321,1415,530,2022-03-12 14:56:12,2022-08-01 13:00:00,2022-08-01 17:00:00,GCN,140,CMC,CMP,4700,6500,451,,
10322,1416,530,2022-03-13 15:17:19,2022-08-04 10:00:00,2022-08-04 12:30:00,BMT,65,PRE,CMP,1600,4800,447,,
10323,1417,517,2022-03-14 15:38:26,2022-08-10 17:30:00,2022-08-10 21:30:00,GCN,100,PRE,CLD,1600,3500,,,
10324,1418,518,2022-03-15 15:59:33,2022-08-10 17:30:00,2022-08-10 21:30:00,GCN,300,CMC,CMP,4000,5600,,,
10325,1419,517,2022-03-16 16:20:40,2022-08-11 16:00:00,2022-08-11 21:00:00,WED,250,KBF,CMP,16000,28000,422,,
10326,1420,509,2022-03-17 11:41:47,2022-08-13 15:00:00,2022-08-13 20:00:00,WED,180,CMC,CMP,1600,3500,,,
10327,1421,510,2022-03-18 12:01:54,2022-08-11 16:00:00,2022-08-11 21:00:00,FNR,200,GHT,CLD,1800,4400,,,
10328,1422,509,2022-03-19 12:22:01,2022-09-01 16:00:00,2022-09-01 22:00:00,GCN,100,PRE,CMP,1800,4400,,,
10329,1423,510,2022-03-20 12:42:08,2022-09-04 16:00:00,2022-09-04 21:00:00,GCN,180,KBF,CLD,2800,5000,,,
10330,1424,530,2022-03-21 13:02:15,2022-09-01 11:00:00,2022-09-01 13:00:00,GCN,130,GHT,CLD,1700,3550,,,
10331,1425,533,2022-03-22 13:22:22,2022-09-01 11:00:00,2022-09-01 13:00:00,BMT,40,PRE,CMP,5000,7500,,,
10332,1426,533,2022-03-23 13:42:29,2022-08-11 16:00:00,2022-08-11 21:00:00,FNR,165,GHT,CLD,7000,9000,,,
10333,1427,501,2022-03-24 14:02:36,2022-09-01 16:00:00,2022-09-01 22:00:00,BDY,190,PRE,CLD,3200,5600,,,
10334,1428,517,2022-03-25 14:22:43,2022-09-04 16:00:00,2022-09-04 21:00:00,GCN,175,CMC,CMP,8800,13500,,,
10335,1429,517,2022-03-26 14:42:50,2022-09-08 13:00:00,2022-09-08 20:00:00,WED,200,KBF,CLD,4000,6000,,,
10336,1430,530,2022-03-27 15:02:57,2022-09-02 10:00:00,2022-09-02 13:30:00,BMT,40,PRE,CMP,4000,6000,,,
10337,1431,533,2022-03-28 15:23:04,2022-09-13 16:00:00,2022-09-13 21:00:00,FNR,90,KBF,CLD,1700,3200,,,
10338,1432,530,2022-03-29 15:43:11,2022-09-08 13:00:00,2022-09-08 20:00:00,PBE,165,GHT,CMP,26000,42000,,,
10339,1433,530,2022-03-30 10:03:18,2022-09-13 14:00:00,2022-09-13 19:00:00,BDY,70,GHT,CMP,1500,4500,432,,
10340,1434,517,2022-03-31 10:23:25,2022-09-16 18:00:00,2022-09-16 22:00:00,FNR,90,GHT,CLD,1900,5000,,,
10341,1435,518,2022-04-01 10:43:32,2022-09-13 16:00:00,2022-09-13 21:00:00,BDY,60,CMC,CMP,6000,12000,,,
10342,1436,517,2022-04-01 11:03:39,2022-09-16 18:00:00,2022-09-16 22:00:00,GCN,100,CMC,CMP,3200,4600,,,
10343,1437,509,2022-04-01 11:23:46,2022-09-10 10:00:00,2022-09-10 13:30:00,PBE,75,KBF,CLD,5000,7500,,,
10344,1438,510,2022-04-04 10:36:55,2022-09-19 16:00:00,2022-09-19 22:00:00,BMT,180,GHT,CLD,3200,6000,,,
10345,1439,509,2022-04-05 10:41:52,2022-09-08 13:00:00,2022-09-08 20:00:00,GCN,200,CMC,CLD,1650,3000,,,
10346,1440,510,2022-04-06 10:46:49,2022-09-13 14:00:00,2022-09-13 19:00:00,WED,130,KBF,CLD,3000,3500,,,
10347,1441,530,2022-04-07 10:51:46,2022-09-17 18:00:00,2022-09-17 22:00:00,GCN,180,CMC,CMP,3300,4000,,,
10348,1442,533,2022-04-08 10:56:43,2022-09-17 18:00:00,2022-09-17 22:00:00,GCN,100,KBF,CLD,4600,9000,440,,
10349,1443,533,2022-04-09 11:01:40,2022-09-19 14:00:00,2022-09-19 21:00:00,BDY,135,GHT,CLD,2800,5000,,,
10350,1444,501,2022-04-10 11:06:37,2022-09-20 11:00:00,2022-09-20 13:30:00,FNR,140,GHT,CLD,8800,13500,,,
10351,1445,517,2022-04-11 11:11:34,2022-09-10 10:00:00,2022-09-10 13:30:00,BMT,65,PRE,CMP,3200,4000,446,,
10352,1446,510,2022-04-12 11:16:31,2022-09-19 16:00:00,2022-09-19 22:00:00,GCN,165,CMC,CMP,13000,19000,,,
10353,1447,510,2022-04-13 11:21:28,2022-09-10 10:00:00,2022-09-10 13:30:00,BDY,200,CMC,CLD,4000,8000,,,
10354,1448,509,2022-04-14 11:26:25,2022-09-19 16:00:00,2022-09-19 22:00:00,GCN,170,KBF,CLD,4000,6000,,,
10355,1449,517,2022-04-15 11:31:22,2022-09-19 14:00:00,2022-09-19 21:00:00,WED,200,GHT,CMP,5600,12000,,,
10356,1450,530,2022-04-16 11:36:19,2022-10-13 18:00:00,2022-10-13 21:00:00,BMT,130,GHT,CLD,3200,5800,,,
10357,1451,533,2022-04-17 11:41:16,2022-09-20 11:00:00,2022-09-20 13:30:00,BMT,75,PRE,CMP,3900,5000,,,
10358,1452,530,2022-04-18 11:46:13,2022-09-21 16:00:00,2022-09-21 22:00:00,BMT,100,KBF,CLD,1500,4500,,,
10359,1453,510,2022-04-19 11:51:10,2022-09-23 16:00:00,2022-09-23 23:00:00,WED,60,GHT,CLD,6000,12000,,,
10360,1454,509,2022-04-20 11:56:07,2022-10-13 18:00:00,2022-10-13 21:00:00,GCN,45,CMC,CLD,4500,6000,,,
10361,1455,517,2022-04-21 12:01:04,2022-09-23 16:00:00,2022-09-23 23:00:00,BDY,160,KBF,CLD,3200,7000,,,
10362,1456,510,2022-04-22 12:06:01,2022-09-21 16:00:00,2022-09-21 22:00:00,GCN,175,CMC,CMP,4000,5000,,,
10363,1457,510,2022-04-23 12:10:58,2022-09-23 16:00:00,2022-09-23 23:00:00,GCN,200,CMC,CMP,3300,4000,,,
10364,1458,509,2022-04-24 12:15:55,2022-09-18 10:00:00,2022-09-18 12:30:00,WED,180,GHT,CLD,3300,4000,,,
10365,1459,517,2022-04-25 12:20:52,2022-10-13 18:00:00,2022-10-13 21:00:00,GCN,130,GHT,CLD,4600,9000,,,
10366,1460,530,2022-04-26 12:25:49,2022-09-26 16:00:00,2022-09-26 21:00:00,FNR,165,CMC,CLD,3200,4000,,,
10367,1461,533,2022-04-27 12:30:46,2022-10-13 18:00:00,2022-10-13 21:00:00,GCN,190,CMC,CLD,4300,5300,423,,
10368,1462,530,2022-04-28 12:35:43,2022-09-28 19:00:00,2022-09-28 22:00:00,WED,200,GHT,CLD,5600,12000,,,
10369,1463,533,2022-04-29 12:40:40,2022-09-18 10:00:00,2022-09-18 12:30:00,BMT,60,PRE,CMP,10300,15600,423,454,
10370,1464,530,2022-04-30 12:45:37,2022-09-26 16:00:00,2022-09-26 21:00:00,WED,90,CMC,CLD,2900,5000,,,
10371,1461,530,2022-05-01 12:50:34,2022-10-13 18:00:00,2022-10-13 21:00:00,GCN,200,CMC,CMP,2300,4000,,,
10372,1465,517,2022-05-02 12:55:31,2022-10-03 15:00:00,2022-10-03 18:00:00,GCN,90,KBF,CLD,2000,5000,,,
10373,1466,518,2022-05-03 13:00:28,2022-10-03 13:00:00,2022-10-03 21:00:00,BMT,75,PRE,CLD,3200,7000,,,
10374,1467,517,2022-05-04 13:05:25,2022-10-07 15:00:00,2022-10-07 20:00:00,WED,180,KBF,CLD,3300,4000,,,
10375,1468,509,2022-05-05 13:10:22,2022-09-26 16:00:00,2022-09-26 21:00:00,GCN,125,GHT,CMP,1500,3000,451,454,458
10376,1469,510,2022-05-06 13:15:19,2022-09-28 19:00:00,2022-09-28 22:00:00,BDY,80,GHT,CMP,10000,25000,447,,
10377,1470,509,2022-05-07 13:20:16,2022-09-26 16:00:00,2022-09-26 21:00:00,PBE,200,CMC,INV,1900,5000,,,
10378,1471,510,2022-05-08 13:25:13,2022-09-28 19:00:00,2022-09-28 22:00:00,BMT,130,PRE,CLD,4600,9000,,,
10379,1472,530,2022-05-09 13:30:10,2022-09-25 10:00:00,2022-09-25 12:30:00,GCN,135,GHT,CLD,3200,4000,,,
10380,1473,533,2022-05-10 13:35:07,2022-09-29 17:00:00,2022-09-29 21:00:00,BDY,135,KBF,CMP,17000,29000,,,
10381,1474,533,2022-05-11 13:40:04,2022-09-25 10:00:00,2022-09-25 12:30:00,BMT,60,PRE,CMP,1900,3300,,,
10382,1475,501,2022-05-12 13:45:01,2022-09-30 16:00:00,2022-09-30 21:00:00,GCN,125,KBF,CMP,6000,12000,,,
10383,1476,517,2022-05-13 13:49:58,2022-10-03 15:00:00,2022-10-03 18:00:00,GCN,140,GHT,CLD,4300,5300,,,
10384,1477,517,2022-05-14 13:54:55,2022-10-03 13:00:00,2022-10-03 21:00:00,WED,200,CMC,CLD,5600,12000,,,
10385,1478,530,2022-05-15 13:59:52,2022-10-03 15:00:00,2022-10-03 18:00:00,GCN,50,GHT,CMP,2500,6000,,,
10386,1479,533,2022-05-16 14:04:49,2022-10-03 13:00:00,2022-10-03 21:00:00,WED,175,KBF,CMP,23200,36500,447,,
10387,1480,530,2022-05-17 14:09:46,2022-10-07 15:00:00,2022-10-07 20:00:00,FNR,200,PRE,CMP,30000,35000,422,453,
10388,1481,530,2022-05-18 14:14:43,2022-10-04 11:30:00,2022-10-04 13:30:00,BDY,170,PRE,CLD,2900,5000,,,
10389,1482,517,2022-05-19 14:19:40,2022-10-09 16:00:00,2022-10-09 20:00:00,GCN,125,GHT,CMP,4300,5300,432,,
10390,1483,518,2022-05-20 14:24:37,2022-10-04 11:30:00,2022-10-04 13:30:00,BMT,50,PRE,CMP,2900,5000,454,,
10391,1484,517,2022-05-21 14:29:34,2022-10-07 15:00:00,2022-10-07 20:00:00,GCN,130,CMC,CLD,2000,5000,,,
10392,1485,518,2022-05-22 14:34:31,2022-10-04 11:30:00,2022-10-04 13:30:00,GCN,100,KBF,CLD,3300,4000,,,
10393,1486,510,2022-05-23 14:39:28,2022-10-06 14:00:00,2022-10-06 18:00:00,BDY,175,GHT,CMP,5600,8000,,,
10394,1487,509,2022-05-24 14:44:25,2022-10-11 18:00:00,2022-10-11 23:00:00,BDY,60,GHT,CLD,10300,15600,,,
10395,1488,510,2022-05-25 14:49:22,2022-10-15 14:00:00,2022-10-15 21:00:00,FNR,45,PRE,CLD,9500,13500,,,
10396,1489,530,2022-05-26 14:54:19,2022-10-19 16:00:00,2022-10-19 20:00:00,BDY,160,KBF,CLD,4000,6000,,,
10397,1490,533,2022-05-27 14:59:16,2022-10-11 18:00:00,2022-10-11 23:00:00,BDY,165,CMC,CMP,6000,7000,,,
10398,1491,533,2022-05-28 15:04:13,2022-10-11 18:00:00,2022-10-11 23:00:00,GCN,200,KBF,CLD,2100,3500,,,
10399,1492,501,2022-05-29 15:09:10,2022-10-15 14:00:00,2022-10-15 21:00:00,WED,190,CMC,CMP,25000,36000,,,
10400,1493,517,2022-05-30 15:14:07,2022-10-19 16:00:00,2022-10-19 20:00:00,GCN,90,KBF,CMP,8000,10000,,,
10401,1494,510,2022-05-31 15:19:04,2022-10-19 18:00:00,2022-10-19 22:30:00,BDY,50,GHT,CMP,3600,4800,433,,
10402,1495,510,2022-06-01 15:24:01,2022-10-15 14:00:00,2022-10-15 21:00:00,PBE,125,CMC,CLD,9000,12500,,,
10403,1496,509,2022-06-02 15:28:58,2022-10-19 16:00:00,2022-10-19 20:00:00,PBE,80,KBF,CLD,9000,15000,,,
10404,1497,517,2022-06-03 15:33:55,2022-10-25 15:30:00,2022-10-25 19:30:00,GCN,300,CMC,CMP,23000,35000,433,,
10405,1498,530,2022-06-04 15:38:52,2022-10-26 11:30:00,2022-10-26 19:30:00,WED,250,KBF,CMP,41000,50000,,,
10406,1499,533,2022-06-05 15:43:49,2022-11-02 13:00:00,2022-11-02 21:00:00,BMT,150,PRE,CLD,5400,10500,,,
10407,1500,530,2022-06-06 15:48:46,2022-10-29 16:00:00,2022-10-29 22:00:00,BMT,130,GHT,CLD,6000,13500,,,
10408,1501,510,2022-06-07 15:53:43,2022-10-25 15:30:00,2022-10-25 19:30:00,BMT,300,KBF,CLD,3000,6000,,,
10409,1502,509,2022-06-08 15:58:40,2022-11-02 13:00:00,2022-11-02 21:00:00,WED,180,GHT,CMP,16000,30000,,,
10410,1503,517,2022-06-13 10:31:35,2022-10-29 16:00:00,2022-10-29 22:00:00,GCN,100,CMC,CMP,4000,7000,,,
10411,1504,510,2022-06-14 10:57:42,2022-11-03 15:00:00,2022-11-03 19:00:00,GCN,250,GHT,CLD,1800,3400,,,
10412,1505,510,2022-06-15 11:23:49,2022-11-03 11:00:00,2022-11-03 13:30:00,WED,235,GHT,CLD,23000,30000,440,,
10413,1506,509,2022-06-16 11:49:56,2022-10-29 10:00:00,2022-10-29 12:30:00,BMT,40,PRE,CMP,1650,3000,446,,
10414,1507,517,2022-06-17 12:16:03,2022-10-25 15:30:00,2022-10-25 19:30:00,GCN,165,CMC,CLD,3300,5500,,,
10415,1508,530,2022-06-18 12:42:10,2022-11-02 13:00:00,2022-11-02 21:00:00,WED,300,KBF,CLD,5000,7500,,,
10416,1509,533,2022-06-19 13:08:17,2022-11-03 15:00:00,2022-11-03 19:00:00,GCN,175,GHT,CMP,4000,8000,423,440,
10417,1510,530,2022-06-20 13:34:24,2022-11-03 11:00:00,2022-11-03 13:30:00,BMT,40,GHT,CMP,1500,2500,,,
10418,1511,517,2022-06-21 14:00:31,2022-11-04 14:00:00,2022-11-04 20:00:00,BMT,140,GHT,CLD,2800,5000,,,
10419,1512,518,2022-06-22 14:26:38,2022-11-04 14:00:00,2022-11-04 20:00:00,PBE,265,KBF,CMP,17800,30000,,,
10420,1513,509,2022-06-23 14:52:45,2022-11-11 11:00:00,2022-11-11 13:00:00,GCN,125,KBF,CLD,1700,3550,,,
10421,1514,509,2022-06-24 15:18:52,2022-11-16 15:30:00,2022-11-16 19:30:00,GCN,50,CMC,CLD,5600,6800,,,
10422,1515,501,2022-06-25 10:44:59,2022-11-08 19:00:00,2022-11-08 22:00:00,WED,250,PRE,CLD,16000,28000,,,
10423,1516,510,2022-06-26 10:56:06,2022-11-08 19:00:00,2022-11-08 22:00:00,BDY,70,PRE,CMP,3000,4500,424,428,
10424,1517,530,2022-06-27 11:07:13,2022-11-10 16:00:00,2022-11-10 19:00:00,BDY,175,GHT,CLD,2500,5600,,,
10425,1518,533,2022-06-28 11:18:20,2022-11-08 19:00:00,2022-11-08 22:00:00,BDY,60,CMC,CMP,2500,6800,441,454,
10426,1519,530,2022-06-29 11:29:27,2022-11-10 16:00:00,2022-11-10 19:00:00,GCN,100,KBF,CMP,4500,6000,456,,
10427,1520,533,2022-06-30 11:40:34,2022-11-13 13:00:00,2022-11-13 19:00:00,FNR,200,GHT,CLD,1700,3300,,,
10428,1521,518,2022-07-01 11:51:41,2022-11-13 13:00:00,2022-11-13 19:00:00,GCN,180,CMC,CMP,3200,7000,,,
10429,1522,501,2022-07-02 12:02:48,2022-11-10 16:00:00,2022-11-10 19:00:00,FNR,300,PRE,CLD,4500,7500,,,
10430,1523,530,2022-07-02 12:13:55,2022-11-08 19:00:00,2022-11-08 22:00:00,BDY,100,CMC,CLD,2300,3600,,,
10431,1524,533,2022-07-02 16:40:02,2022-11-11 11:00:00,2022-11-11 13:00:00,FNR,160,GHT,CLD,1900,3000,,,
10432,1525,517,2022-07-06 11:06:09,2022-11-16 15:30:00,2022-11-16 19:30:00,BDY,350,GHT,CLD,4500,7000,,,
10433,1526,518,2022-07-06 16:02:16,2022-11-11 11:00:00,2022-11-11 13:00:00,BMT,65,PRE,CMP,1500,3300,,,
10434,1527,509,2022-07-08 10:09:31,2022-11-16 15:30:00,2022-11-16 19:30:00,GCN,165,CMC,CMP,4600,9000,,,
10435,1528,517,2022-07-09 10:21:30,2022-11-29 11:00:00,2022-11-29 14:00:00,GCN,125,CMC,CLD,7500,1000,,,
10436,1529,530,2022-07-10 10:33:29,2022-12-03 16:00:00,2022-12-03 23:00:00,WED,200,KBF,CMP,4300,5300,446,449,
10437,1530,533,2022-07-11 10:45:28,2022-11-16 15:30:00,2022-11-16 19:30:00,BDY,100,CMC,CLD,4800,5600,,,
10438,1531,530,2022-07-12 10:57:27,2022-12-03 16:00:00,2022-12-03 23:00:00,BMT,160,PRE,CLD,3200,5000,,,
10439,1532,517,2022-07-13 11:09:26,2022-11-29 11:00:00,2022-11-29 14:00:00,BMT,75,GHT,CMP,2900,5000,422,442,
10440,1533,518,2022-07-14 11:21:25,2022-11-29 11:00:00,2022-11-29 14:00:00,GCN,150,KBF,CLD,4000,6000,,,
10441,1534,509,2022-07-15 11:33:24,2022-12-05 18:00:00,2022-12-05 23:00:00,GCN,175,PRE,CMP,3600,5500,423,,
10442,1535,509,2022-07-16 11:45:23,2022-12-06 18:00:00,2022-12-06 22:00:00,GCN,200,KBF,CMP,4000,8000,,,
10443,1536,501,2022-07-17 11:57:22,2022-11-30 10:00:00,2022-11-30 12:30:00,BMT,60,PRE,CMP,1800,3500,,,
10444,1537,510,2022-07-18 12:09:21,2022-11-10 16:00:00,2022-11-10 19:00:00,WED,175,KBF,CLD,1600,3000,,,
10445,1538,530,2022-07-19 12:21:20,2022-12-10 18:00:00,2022-12-10 23:00:00,BDY,130,PRE,CLD,10000,14500,,,
10446,1539,518,2022-07-20 12:33:19,2022-12-10 18:00:00,2022-12-10 23:00:00,GCN,200,CMC,CMP,10000,16000,,,
10447,1540,530,2022-07-21 12:45:18,2022-11-29 11:00:00,2022-11-29 14:00:00,FNR,160,PRE,CLD,3250,6500,,,
10448,1541,533,2022-07-22 12:57:17,2022-12-05 18:00:00,2022-12-05 23:00:00,BDY,150,KBF,CLD,3300,5800,,,
10449,1542,501,2022-07-23 13:09:16,2022-12-06 18:00:00,2022-12-06 22:00:00,GCN,150,CMC,CLD,2000,4800,,,
10450,1543,501,2022-07-24 13:21:15,2022-12-14 16:00:00,2022-12-14 20:00:00,GCN,125,KBF,CMP,7000,9000,,,
10451,1544,530,2022-07-25 13:33:14,2022-12-14 16:00:00,2022-12-14 20:00:00,BMT,175,GHT,CLD,4700,6700,,,
10452,1545,533,2022-07-26 13:45:13,2022-12-03 16:00:00,2022-12-03 23:00:00,BMT,125,KBF,CLD,4500,7500,,,
10453,1546,517,2022-07-27 13:57:12,2022-11-29 11:00:00,2022-11-29 14:00:00,WED,230,CMC,CLD,2300,3600,,,
10454,1547,518,2022-07-28 14:09:11,2022-12-18 10:00:00,2022-12-18 12:30:00,GCN,220,PRE,CLD,1900,3000,,,
10455,1548,509,2022-07-29 14:21:10,2022-12-15 18:00:00,2022-12-15 21:00:00,BDY,80,KBF,CMP,3200,5600,440,,
10456,1549,517,2022-07-30 14:33:09,2022-12-15 18:00:00,2022-12-15 23:00:00,BDY,90,PRE,CMP,4000,6000,,,
10457,1550,530,2022-07-31 14:45:08,2022-11-29 11:00:00,2022-11-29 14:00:00,BDY,80,GHT,CLD,4500,7000,,,
10458,1551,533,2022-08-01 14:57:07,2022-12-05 18:00:00,2022-12-05 23:00:00,BDY,90,KBF,CLD,3200,5600,,,
10459,1552,530,2022-08-02 15:09:06,2022-12-06 18:00:00,2022-12-06 22:00:00,WED,40,CMC,CLD,7500,1000,,,
10460,1553,517,2022-08-03 15:21:05,2022-12-18 10:00:00,2022-12-18 12:30:00,GCN,350,PRE,CLD,4800,5600,,,
10461,1554,518,2022-08-04 15:33:04,2022-12-15 18:00:00,2022-12-15 21:00:00,FNR,135,CMC,CLD,3200,5000,,,
10462,1555,509,2022-08-05 15:45:03,2022-12-18 10:00:00,2022-12-18 12:30:00,BMT,40,PRE,CMP,1700,3200,,,
10463,1556,509,2022-08-06 15:57:02,2022-12-05 18:00:00,2022-12-05 23:00:00,GCN,175,KBF,CLD,4000,6000,,,
10464,1557,501,2022-08-07 16:09:01,2022-12-06 18:00:00,2022-12-06 22:00:00,GCN,100,GHT,CLD,1600,3000,,,
10465,1558,510,2022-08-09 10:44:36,2022-12-14 16:00:00,2022-12-14 20:00:00,BDY,200,PRE,CLD,10000,14500,,,
10466,1559,530,2022-08-09 13:56:00,2022-12-19 16:00:00,2022-12-19 21:00:00,GCN,120,CMC,CMP,3500,5000,423,454,
10467,1560,533,2022-08-10 10:44:10,2023-01-19 18:00:00,2023-01-19 23:00:00,BMT,125,KBF,CLD,3250,6500,,,
10468,1561,530,2022-08-10 11:28:30,2023-01-23 12:00:00,2023-01-23 15:00:00,BMT,80,KBF,CLD,3300,5800,,,
10469,1562,533,2022-08-10 14:14:20,2023-01-10 18:00:00,2023-01-10 22:00:00,GCN,110,CMC,CMP,7000,10000,422,,
10470,1563,501,2022-08-11 10:06:53,2023-01-12 16:00:00,2023-01-12 23:00:00,GCN,150,CMC,CLD,2000,4800,,,
10471,1564,501,2022-08-12 10:13:56,2023-01-12 16:00:00,2023-01-12 23:00:00,GCN,50,CMC,CMP,2500,6000,,,
10472,1565,530,2022-08-13 10:20:59,2023-01-23 12:00:00,2023-01-23 15:00:00,BMT,130,KBF,INV,4200,6000,,,
10473,1566,533,2022-08-14 10:28:02,2023-01-14 18:00:00,2023-01-14 21:00:00,WED,175,KBF,CMP,23200,36500,,,
10474,1567,517,2022-08-15 10:35:05,2023-01-14 15:00:00,0202-01-14 19:00:00,FNR,200,PRE,CMP,30000,35000,,,
10475,1568,518,2022-08-16 10:42:08,2023-01-15 13:00:00,2023-01-15 15:00:00,GCN,300,PRE,INV,7000,10000,,,
10476,1569,518,2022-08-17 10:49:11,2023-01-14 15:00:00,0202-01-14 19:00:00,WED,250,GHT,INV,2500,3600,,,
10477,1570,517,2022-08-18 10:56:14,2023-01-15 13:00:00,2023-01-15 15:00:00,GCN,125,GHT,CMP,4300,5300,,,
10478,1571,501,2022-08-19 11:03:17,2023-01-14 18:00:00,2023-01-14 21:00:00,BDY,165,KBF,CLD,4700,6700,,,
10479,1572,517,2022-08-20 11:10:20,2023-01-19 18:00:00,2023-01-19 23:00:00,BMT,50,PRE,CMP,2900,5000,,,
10480,1573,509,2022-08-21 11:17:23,2023-01-23 12:00:00,2023-01-23 15:00:00,BDY,175,GHT,CMP,5600,8000,446,,
10481,1574,509,2022-08-22 11:24:26,2023-01-15 13:00:00,2023-01-15 15:00:00,PBE,300,GHT,CLD,6000,12000,,,
10482,1575,510,2022-08-23 11:31:29,2023-01-14 15:00:00,0202-01-14 19:00:00,BDY,140,CMC,INV,4700,6500,,,
10483,1576,530,2022-08-24 11:38:32,2023-01-23 18:00:00,2023-01-23 23:00:00,GCN,125,KBF,CLD,4500,6000,,,
10484,1577,530,2022-08-25 11:45:35,2032-01-26 18:00:00,2023-01-26 22:00:00,BDY,150,KBF,CLD,3200,7000,,,
10485,1578,517,2022-08-26 11:52:38,2023-01-23 18:00:00,2023-01-23 23:00:00,BDY,165,CMC,CMP,6000,7000,447,,
10486,1579,517,2022-08-27 11:59:41,2032-01-26 18:00:00,2023-01-26 22:00:00,GCN,150,PRE,CMP,5000,6500,448,,
10487,1580,510,2022-08-28 12:06:44,2023-01-31 18:00:00,2023-01-31 23:00:00,GCN,160,CMC,CLD,4000,6000,,,
10488,1581,509,2022-08-29 12:13:47,2023-01-26 18:00:00,2023-01-26 22:00:00,BDY,80,GHT,CMP,2200,3500,449,,
10489,1582,530,2022-08-30 12:20:50,2023-01-31 18:00:00,2023-01-31 23:00:00,BMT,40,CMC,CMP,1800,3000,450,,
10490,1583,533,2022-08-31 12:27:53,2023-01-31 18:00:00,2023-01-31 23:00:00,FNR,100,KBF,INV,1600,4800,,,
10491,1584,533,2022-09-01 12:34:56,2023-02-03 13:00:00,2023-02-03 21:00:00,BDY,70,PRE,INV,4000,5600,,,
10492,1585,533,2022-09-02 12:41:59,2023-01-28 11:30:00,2023-01-28 13:30:00,FNR,230,GHT,CLD,1700,3200,,,
10493,1586,533,2022-09-03 12:49:02,2023-02-03 13:00:00,2023-02-03 21:00:00,WED,350,CMC,CMP,26900,35000,451,,
10494,1587,517,2022-09-04 12:56:05,2023-01-28 11:30:00,2023-01-28 13:30:00,BMT,80,PRE,CMP,1800,3500,,,
10495,1588,509,2022-09-05 13:03:08,2023-01-28 11:30:00,2023-01-28 13:30:00,GCN,100,KBF,CLD,1900,5000,,,
10496,1589,510,2022-09-06 13:10:11,2023-02-04 16:00:00,2023-02-04 21:00:00,GCN,250,KBF,CMP,9500,15000,,,
10497,1590,530,2022-09-07 13:17:14,2023-02-05 18:00:00,2023-02-05 23:00:00,WED,60,GHT,CLD,4200,6000,,,
10498,1591,501,2022-09-08 13:24:17,2023-02-05 18:00:00,2023-02-05 23:00:00,GCN,180,CMC,CMP,10000,16000,,,
10499,1592,530,2022-09-09 13:31:20,2023-01-28 11:30:00,2023-01-28 13:30:00,WED,165,CMC,CLD,7000,10000,,,
10500,1593,530,2022-09-10 10:38:23,2023-02-03 13:00:00,2023-02-03 21:00:00,GCN,145,KBF,CLD,2500,3600,,,
10501,1594,533,2022-09-11 10:49:26,2023-01-28 11:30:00,2023-01-28 13:30:00,BMT,230,GHT,CLD,4700,6500,,,
10502,1595,509,2022-09-12 11:00:29,2023-02-07 18:00:00,2023-02-07 21:00:00,GCN,140,GHT,CMP,7000,9000,430,,
10503,1596,510,2022-09-13 11:11:32,2023-02-05 18:00:00,2023-02-05 23:00:00,FNR,200,KBF,CLD,1600,4800,,,
10504,1597,510,2022-09-14 11:22:35,2023-01-28 11:30:00,2023-01-28 13:30:00,FNR,150,GHT,CLD,16000,22000,423,440,
10505,1598,517,2022-09-15 11:33:38,2023-02-03 13:00:00,2023-02-03 21:00:00,WED,180,CMC,CLD,4000,5600,,,
10506,1599,530,2022-09-16 11:44:41,2023-01-28 11:30:00,2023-01-28 13:30:00,GCN,200,PRE,INV,2000,3900,,,
10507,1600,533,2022-09-17 11:55:44,2023-02-07 18:00:00,2023-02-07 21:00:00,GCN,220,KBF,CLD,2000,3900,,,
10508,1601,509,2022-09-18 12:06:47,2023-02-10 15:00:00,2023-02-10 20:00:00,BDY,80,PRE,CMP,3200,5600,,,
10509,1602,530,2022-09-19 12:17:50,2023-02-07 18:00:00,2023-02-07 21:00:00,BMT,225,KBF,CLD,1600,3500,,,
10510,1603,533,2022-09-20 12:28:53,2023-02-13 16:00:00,2023-02-13 19:00:00,BDY,100,PRE,CMP,2300,4000,,,
10511,1604,517,2022-09-21 12:39:56,2023-02-10 10:30:00,2023-02-10 12:30:00,FNR,100,CMC,CLD,1800,4400,,,
10512,1605,518,2022-09-22 12:50:59,2023-02-11 11:30:00,2023-02-11 13:30:00,BMT,135,KBF,CLD,2800,5000,,,
10513,1606,518,2022-09-23 13:02:02,2023-02-10 10:30:00,2023-02-10 12:30:00,BMT,55,PRE,CMP,1700,3200,424,428,
10514,1607,510,2022-09-24 13:13:05,2023-02-11 11:30:00,2023-02-11 13:30:00,BMT,40,PRE,CMP,1900,5000,441,454,
10515,1608,509,2022-09-25 13:24:08,2023-02-16 15:00:00,2023-02-16 18:00:00,BDY,45,GHT,CMP,4200,6000,456,,
10516,1609,510,2022-09-26 13:35:11,2023-02-07 18:00:00,2023-02-07 21:00:00,GCN,145,PRE,CLD,1700,3550,,,
10517,1610,509,2022-09-27 13:46:14,2023-02-10 15:00:00,2023-02-10 20:00:00,GCN,165,GHT,CLD,7000,9000,,,
10518,1611,530,2022-09-28 13:57:17,2023-02-07 18:00:00,2023-02-07 21:00:00,GCN,100,KBF,CLD,3200,5600,,,
10519,1612,533,2022-09-29 14:08:20,2023-02-15 11:00:00,2023-02-15 13:00:00,BMT,60,PRE,CMP,1700,3200,,,
10520,1613,533,2022-09-29 14:19:23,2023-02-15 11:00:00,2023-02-15 13:00:00,BDY,120,GHT,CLD,4000,6000,,,
10521,1614,530,2022-10-01 11:06:26,2023-02-17 16:00:00,2023-02-17 21:00:00,GCN,75,GHT,CMP,4300,5300,,,
10522,1615,509,2022-10-03 13:13:29,2023-02-20 17:00:00,2023-02-20 21:00:00,BDY,75,GHT,CMP,5600,12000,,,
10523,1616,510,2022-10-03 16:20:32,2023-02-23 13:00:00,2023-02-23 21:00:00,WED,135,CMC,CLD,1700,3200,,,
10524,1617,530,2022-10-04 10:27:35,2023-02-23 13:00:00,2023-02-23 21:00:00,WED,200,CMC,CMP,23500,46000,446,449,
10525,1618,533,2022-10-05 10:31:38,2023-03-05 17:30:00,2023-03-05 20:30:00,GCN,100,KBF,CLD,1900,5000,,,
10526,1619,501,2022-10-06 10:35:41,2023-03-05 17:30:00,2023-03-05 20:30:00,BDY,100,CMC,CMP,5500,10000,422,442,
10527,1620,509,2022-10-07 10:39:44,2023-03-06 18:00:00,2023-03-06 23:00:00,FNR,60,GHT,CLD,5000,7500,,,
10528,1621,530,2022-10-08 10:43:47,2023-03-08 18:00:00,2023-03-06 23:00:00,GCN,125,KBF,CLD,3200,6000,,,
10529,1622,530,2022-10-09 10:47:50,2023-03-06 18:00:00,2023-03-06 23:00:00,GCN,125,KBF,CMP,4500,6000,423,,
10530,1623,533,2022-10-10 10:51:53,2023-02-20 17:00:00,2023-02-20 21:00:00,GCN,140,CMC,CLD,2800,5000,,,
10531,1624,509,2022-10-11 10:55:56,2023-02-23 13:00:00,2023-02-23 21:00:00,BDY,100,PRE,CLD,1700,3550,,,
10532,1625,510,2022-10-12 10:59:59,2023-03-08 18:00:00,2023-03-06 23:00:00,GCN,100,KBF,CMP,8800,13500,,,
10533,1626,518,2022-10-13 11:04:02,2023-04-15 19:00:00,2023-04-15 23:00:00,FNR,80,KBF,CLD,5600,6800,,,
10534,1627,518,2022-10-14 11:08:05,2023-04-15 19:00:00,2023-04-15 23:00:00,BMT,100,CMC,CLD,4400,6000,,,
10535,1628,518,2022-10-15 11:12:08,2023-04-15 19:00:00,2023-04-15 23:00:00,PBE,200,GHT,CLD,2500,5600,,,
10536,1629,509,2022-10-16 11:16:11,2023-04-15 19:00:00,2023-04-15 23:00:00,BMT,180,PRE,PEN,1600,3500,422,452,
10537,1630,510,2022-10-17 11:20:14,2023-04-15 18:00:00,2023-04-15 22:00:00,BMT,130,CMC,PEN,1800,4400,,,
10538,1631,518,2022-10-18 11:24:17,2023-04-19 18:00:00,2023-04-19 23:00:00,WED,165,CMC,PEN,2800,5000,423,451,454
10539,1632,530,2022-10-19 11:28:20,2023-04-19 18:00:00,2023-04-19 23:00:00,GCN,190,PRE,PEN,1700,3550,,,
10540,1633,533,2022-10-20 11:32:23,2023-04-19 18:00:00,2023-04-19 23:00:00,BDY,200,KBF,PEN,7000,9000,,,
10541,1634,517,2022-10-21 11:36:26,2023-04-20 18:00:00,2023-04-20 23:00:00,WED,90,GHT,PEN,6000,7800,456,458,
10542,1635,509,2022-10-22 11:40:29,2023-04-21 18:00:00,2023-04-21 23:00:00,GCN,90,PRE,PEN,4000,6000,,,
10543,1636,533,2022-10-23 11:44:32,2023-04-22 18:00:00,2023-04-22 23:00:00,FNR,75,GHT,PEN,1700,3200,,,
10544,1637,501,2022-10-24 11:48:35,2023-04-21 18:00:00,2023-04-21 23:00:00,FNR,180,PRE,CLD,1700,3300,,,
10545,1638,501,2022-10-25 11:52:38,2023-04-23 18:00:00,2023-04-23 23:00:00,GCN,200,KBF,PEN,1900,5000,422,,
10546,1639,501,2022-10-26 11:56:41,2023-04-24 18:00:00,2023-04-24 23:00:00,WED,130,CMC,PEN,3000,6000,,,
10547,1640,518,2022-10-27 12:00:44,2023-04-25 18:00:00,2023-04-25 23:00:00,WED,135,PRE,PEN,3000,3500,,,
10548,1641,509,2022-10-28 12:04:47,2023-04-26 18:00:00,2023-04-26 23:00:00,GCN,140,GHT,PEN,15000,18000,,,
10549,1642,510,2022-10-29 12:08:50,2023-04-25 11:00:00,2023-04-25 23:00:00,PBE,200,PRE,CLD,4500,7500,,,
10550,1643,518,2022-10-30 12:12:53,2023-04-27 12:00:00,2023-04-27 14:00:00,BMT,170,GHT,PEN,2800,4200,,,
10551,1644,530,2022-10-31 12:16:56,2023-04-28 18:00:00,2023-04-28 23:00:00,FNR,130,PRE,PEN,2800,5000,,,
10552,1645,533,2022-11-01 12:20:59,2023-04-29 18:00:00,2023-04-29 23:00:00,GCN,100,PRE,PEN,2300,5600,440,433,
10553,1646,517,2022-11-02 12:25:02,2023-04-30 18:00:00,2023-04-30 23:00:00,WED,60,CMC,PEN,4500,6000,441,,
10554,1647,509,2022-11-03 12:29:05,2023-05-01 18:00:00,2023-05-01 23:00:00,GCN,45,GHT,PEN,8800,13500,,,
10555,1648,517,2022-11-04 12:33:08,2023-05-02 18:00:00,2023-05-02 23:00:00,BDY,160,PRE,PEN,4000,8000,,,
10556,1649,509,2022-11-05 12:37:11,2023-05-03 18:00:00,2023-05-03 23:00:00,GCN,180,KBF,PEN,4000,6000,422,,
10557,1650,509,2022-11-06 12:41:14,2023-05-04 18:00:00,2023-05-04 23:00:00,WED,130,KBF,PEN,2500,3600,423,,
10558,1651,510,2022-11-07 12:45:17,2023-05-05 18:00:00,2023-05-05 23:00:00,GCN,165,CMC,PEN,3200,5800,,,
10559,1652,530,2022-11-08 12:49:20,2023-05-06 18:00:00,2023-05-06 23:00:00,FNR,190,KBF,PEN,1500,4500,422,,
10560,1653,530,2022-11-09 12:53:23,2023-05-07 18:00:00,2023-05-07 23:00:00,GCN,200,PRE,PEN,6000,12000,,,
10561,1654,517,2022-11-10 12:57:26,2023-05-08 18:00:00,2023-05-08 23:00:00,WED,90,GHT,PEN,3600,4900,453,454,
10562,1655,517,2022-11-11 13:01:29,2023-05-09 18:00:00,2023-05-09 23:00:00,WED,90,KBF,PEN,4500,6000,,,
10563,1656,510,2022-11-12 13:05:32,2023-05-10 18:00:00,2023-05-10 23:00:00,GCN,75,GHT,PEN,4000,6500,440,,
10564,1657,509,2022-11-13 13:09:35,2023-05-11 18:00:00,2023-05-11 23:00:00,BMT,180,CMC,PEN,3200,7000,,,
10565,1658,530,2022-11-14 13:13:38,2023-05-12 18:00:00,2023-05-12 23:00:00,FNR,200,KBF,PEN,2200,3500,440,442,
10566,1659,533,2022-11-15 13:17:41,2023-05-13 18:00:00,2023-05-13 23:00:00,WED,130,GHT,PEN,3300,4000,,,
10567,1660,517,2022-11-16 13:21:44,2023-05-14 18:00:00,2023-05-14 23:00:00,BDY,135,KBF,PEN,3500,5000,,,
10568,1661,509,2022-11-17 13:25:47,2023-05-15 18:00:00,2023-05-15 23:00:00,WED,140,CMC,PEN,26900,35000,,,
10569,1662,509,2022-11-18 13:29:50,2023-05-16 18:00:00,2023-05-16 23:00:00,FNR,200,PRE,PEN,1800,3500,,,
10570,1663,510,2022-11-19 13:33:53,2023-05-17 18:00:00,2023-05-17 23:00:00,FNR,170,GHT,PEN,4600,9000,431,460,
10571,1664,530,2022-11-20 13:37:56,2023-05-18 18:00:00,2023-05-18 23:00:00,PBE,130,GHT,PEN,3200,4000,,,
10572,1665,530,2022-11-21 13:41:59,2023-05-18 18:00:00,2023-05-18 23:00:00,BMT,100,PRE,PEN,4300,5300,458,,
10573,1666,517,2022-11-22 13:46:02,2023-05-20 18:00:00,2023-05-20 23:00:00,GCN,60,CMC,PEN,9500,15000,460,,
10574,1667,517,2022-11-23 13:50:05,2023-05-21 18:00:00,2023-05-21 23:00:00,WED,45,GHT,PEN,10000,16000,,,
10575,1668,510,2022-11-24 13:54:08,2023-05-21 18:00:00,2023-05-21 23:00:00,BDY,160,GHT,PEN,2900,5000,442,,
10576,1669,509,2022-11-25 13:58:11,2023-05-23 18:00:00,2023-05-23 23:00:00,FNR,200,CMC,PEN,2000,5000,423,,
10577,1670,530,2022-11-26 14:02:14,2023-05-24 18:00:00,2023-05-24 23:00:00,BDY,125,CMC,PEN,3200,6000,,,
10578,1671,533,2022-11-27 14:06:17,2023-05-25 18:00:00,2023-05-25 23:00:00,GCN,80,PRE,PEN,4300,6000,422,,
10579,1672,530,2022-11-28 14:10:20,2023-05-26 10:00:00,2023-05-26 13:00:00,BMT,150,KBF,PEN,1500,3000,,,
10580,1673,518,2022-11-29 14:14:23,2023-05-26 10:00:00,2023-05-26 13:00:00,BMT,60,KBF,PEN,1800,3000,442,,
10581,1674,517,2022-11-30 14:18:26,2023-05-28 18:00:00,2023-05-28 23:00:00,WED,125,PRE,PEN,1600,3500,446,,
10582,1675,501,2022-12-01 14:22:29,2023-05-29 18:00:00,2023-05-29 23:00:00,GCN,140,PRE,PEN,3000,6000,,,
10583,1676,517,2022-12-02 14:26:32,2023-05-30 18:00:00,2023-05-30 23:00:00,BDY,100,KBF,PEN,3500,8500,423,440,448
10584,1677,509,2022-12-03 14:30:35,2023-05-31 18:00:00,2023-05-31 23:00:00,WED,80,CMC,PEN,5000,6500,,,
10585,1678,509,2022-12-04 14:34:38,2023-06-01 18:00:00,2023-06-01 23:00:00,GCN,100,GHT,PEN,7500,10000,,,
10586,1679,510,2022-12-05 14:38:41,2023-06-02 18:00:00,2023-06-02 23:00:00,FNR,200,KBF,PEN,3900,6500,,,
10587,1680,530,2022-12-06 14:42:44,2023-06-03 18:00:00,2023-06-03 23:00:00,GCN,180,CMC,PEN,2100,3500,446,,
10588,1681,530,2022-12-07 14:46:47,2023-06-04 18:00:00,2023-06-04 23:00:00,WED,130,PRE,PEN,5000,7500,,,
10589,1682,517,2022-12-08 14:50:50,2023-06-05 18:00:00,2023-06-05 23:00:00,WED,165,GHT,PEN,5000,7500,,,
10590,1683,517,2022-12-09 14:54:53,2023-06-06 18:00:00,2023-06-06 23:00:00,GCN,190,GHT,PEN,3200,6000,423,,
10591,1684,510,2022-12-10 14:58:56,2023-06-07 18:00:00,2023-06-07 23:00:00,BMT,200,PRE,PEN,3100,8000,422,450,
10592,1685,509,2022-12-11 15:02:59,2023-06-08 18:00:00,2023-06-08 23:00:00,FNR,90,PRE,PEN,4200,6000,,,
10593,1686,530,2022-12-12 15:07:02,2023-06-09 18:00:00,2023-06-09 23:00:00,BMT,90,CMC,PEN,1650,3000,440,460,
10594,1687,533,2022-12-13 15:11:05,2023-06-10 18:00:00,2023-06-10 23:00:00,GCN,75,GHT,PEN,3000,3500,,,
10595,1688,533,2022-12-14 15:15:08,2023-06-11 18:00:00,2023-06-11 23:00:00,GCN,180,PRE,PEN,2300,5600,439,440,
10596,1689,533,2023-01-10 10:14:39,2023-06-12 10:00:00,2023-06-12 13:00:00,BMT,200,KBF,PEN,2800,5000,,,
10597,1690,533,2023-01-10 13:56:42,2023-06-13 18:00:00,2023-06-13 23:00:00,PBE,130,KBF,PEN,4500,6000,422,440,
10598,1691,517,2023-01-12 14:56:10,2023-06-14 18:00:00,2023-06-14 23:00:00,BDY,135,CMC,PEN,2500,3600,450,,
10599,1692,509,2023-01-14 10:14:16,2023-06-15 18:00:00,2023-06-15 23:00:00,BDY,140,KBF,PEN,8800,13500,,,
10600,1693,510,2023-01-15 10:22:17,2023-06-16 18:00:00,2023-06-16 23:00:00,GCN,200,PRE,PEN,4000,8000,452,,
10601,1694,530,2023-01-16 10:30:18,2023-06-17 18:00:00,2023-06-17 23:00:00,FNR,170,GHT,PEN,3600,4900,,,
10602,1695,501,2023-01-17 10:38:19,2023-06-18 18:00:00,2023-06-18 23:00:00,GCN,130,KBF,PEN,4000,6500,460,,
10603,1696,530,2023-01-18 10:46:20,2023-06-19 18:00:00,2023-06-19 23:00:00,GCN,100,GHT,PEN,4000,6000,,,
10604,1697,530,2023-01-19 10:54:21,2023-06-20 18:00:00,2023-06-20 23:00:00,FNR,60,GHT,PEN,2200,3500,456,460,
10605,1698,533,2023-01-20 11:02:22,2023-06-21 18:00:00,2023-06-21 23:00:00,BDY,45,PRE,PEN,3200,5800,440,,
10606,1699,509,2023-01-21 11:10:23,2023-06-22 18:00:00,2023-06-22 23:00:00,WED,160,KBF,PEN,3500,5000,423,457,
10607,1700,510,2023-01-22 11:18:24,2023-06-23 18:00:00,2023-06-23 23:00:00,FNR,180,KBF,PEN,26900,35000,,,
10608,1701,510,2023-01-23 11:26:25,2023-06-21 18:00:00,2023-06-21 23:00:00,GCN,130,GHT,CLD,1800,3500,,,
10609,1702,517,2023-01-24 11:34:26,2023-06-24 18:00:00,2023-06-24 23:00:00,FNR,165,KBF,PEN,9500,15000,,,
10610,1703,530,2023-01-25 11:42:27,2023-06-25 18:00:00,2023-06-25 23:00:00,PBE,190,GHT,PEN,6000,12000,,,
10611,1704,533,2023-01-26 11:50:28,2023-06-26 8:00:00,2023-06-26 12:00:00,BMT,200,CMC,PEN,4500,6000,422,,
10612,1705,509,2023-01-27 11:58:29,2023-06-27 18:00:00,2023-06-27 23:00:00,GCN,90,KBF,PEN,10000,16000,423,,
10613,1706,530,2023-01-28 12:06:30,2023-06-28 18:00:00,2023-06-28 23:00:00,WED,90,GHT,PEN,3200,7000,,,
10614,1707,533,2023-01-29 12:14:31,2023-06-29 18:00:00,2023-06-29 23:00:00,BDY,75,GHT,PEN,3300,4000,,,
10615,1708,517,2023-01-30 12:22:32,2023-06-30 18:00:00,2023-06-30 23:00:00,FNR,180,CMC,PEN,4500,6000,,,
10616,1709,518,2023-01-31 12:30:33,2023-07-01 18:00:00,2023-07-01 23:00:00,BDY,200,KBF,PEN,8800,13500,431,438,
10617,1710,518,2023-02-01 12:38:34,2023-07-02 18:00:00,2023-07-02 23:00:00,GCN,130,GHT,PEN,7000,9000,,,
10618,1711,510,2023-02-02 12:46:35,2023-07-03 10:00:00,2023-07-03 13:00:00,BMT,60,KBF,PEN,2000,3000,422,452,453
10619,1712,509,2023-02-03 12:54:36,2023-07-03 10:00:00,2023-07-03 13:00:00,BMT,60,CMC,PEN,2000,3500,,,
10620,1713,510,2023-02-04 13:02:37,2023-07-05 18:00:00,2023-07-05 23:00:00,WED,200,PRE,PEN,3200,5800,,,
10621,1714,509,2023-02-05 13:10:38,2023-07-06 18:00:00,2023-07-06 23:00:00,GCN,170,GHT,PEN,3200,5600,,,
10622,1715,530,2023-02-06 13:18:39,2023-07-07 18:00:00,2023-07-07 23:00:00,BDY,130,GHT,PEN,1500,4500,,,
10623,1716,533,2023-02-07 13:26:40,2023-07-07 18:00:00,2023-07-07 23:00:00,BDY,100,KBF,CLD,6000,12000,,,
10624,1717,533,2023-02-08 13:34:41,2023-07-08 18:00:00,2023-07-08 23:00:00,WED,60,PRE,PEN,4500,6000,,,
10625,1718,530,2023-02-09 13:42:42,2023-07-09 18:00:00,2023-07-09 23:00:00,GCN,45,CMC,PEN,3200,7000,,,
10626,1719,509,2023-02-10 13:50:43,2023-07-10 18:00:00,2023-07-10 23:00:00,FNR,160,GHT,PEN,3300,4000,,,
10627,1720,510,2023-02-11 13:58:44,2023-07-11 18:00:00,2023-07-11 23:00:00,GCN,200,GHT,PEN,10300,15600,422,440,
10628,1721,530,2023-02-12 14:06:45,2023-07-12 18:00:00,2023-07-12 23:00:00,WED,125,CMC,PEN,4000,6000,,,
10629,1722,533,2023-02-13 14:14:46,2023-07-13 18:00:00,2023-07-13 23:00:00,WED,80,CMC,PEN,9500,13500,457,,
10630,1723,501,2023-02-14 14:22:47,2023-07-14 18:00:00,2023-07-14 23:00:00,GCN,150,PRE,PEN,4000,6000,422,457,
10631,1724,509,2023-02-15 14:30:48,2023-07-07 18:00:00,2023-07-07 23:00:00,BMT,250,KBF,PEN,1700,3200,,,
10632,1725,530,2023-02-16 14:38:49,2023-07-07 18:00:00,2023-07-07 23:00:00,FNR,165,KBF,PEN,1900,5000,,,
10633,1726,530,2023-02-17 14:46:50,2023-07-14 18:00:00,2023-07-14 23:00:00,BDY,300,CMC,CLD,4200,6000,,,
10634,1727,533,2023-02-18 14:54:51,2023-07-17 18:00:00,2023-07-17 23:00:00,GCN,140,PRE,PEN,2100,3500,,,
10635,1728,509,2023-02-19 15:02:52,2023-07-18 18:00:00,2023-07-18 23:00:00,WED,125,PRE,PEN,7000,10000,432,,
10636,1729,510,2023-02-20 15:10:53,2023-07-19 18:00:00,2023-07-19 23:00:00,BDY,135,KBF,PEN,9000,12500,,,
10637,1730,518,2023-02-21 15:18:54,2023-07-20 18:00:00,2023-07-20 23:00:00,BDY,140,CMC,PEN,2500,3600,,,
10638,1731,518,2023-02-22 15:26:55,2023-07-03 10:00:00,2023-07-03 13:00:00,BMT,200,GHT,PEN,4700,6500,433,450,
10639,1732,518,2023-02-23 15:34:56,2023-07-22 18:00:00,2023-07-22 23:00:00,GCN,170,KBF,PEN,9000,15000,423,,
10640,1733,509,2023-02-24 15:42:57,2023-07-23 18:00:00,2023-07-23 23:00:00,GCN,130,CMC,PEN,5400,10500,446,447,
10641,1734,510,2023-02-25 15:50:58,2023-07-20 9:00:00,2023-07-20 12:00:00,BMT,100,PRE,PEN,1600,4800,,,
10642,1735,518,2023-02-26 15:58:59,2023-07-25 18:00:00,2023-07-25 23:00:00,PBE,60,GHT,PEN,6000,13500,,,
10643,1736,530,2023-02-27 16:07:00,2023-07-26 18:00:00,2023-07-26 23:00:00,BDY,45,GHT,PEN,3000,6000,,,
10644,1737,533,2023-02-28 16:15:01,2023-07-27 18:00:00,2023-07-27 23:00:00,BDY,160,PRE,PEN,4000,5600,453,454,
10645,1738,517,2023-03-01 16:23:02,2023-07-28 18:00:00,2023-07-28 23:00:00,GCN,180,CMC,PEN,1800,3400,,,
10646,1739,509,2023-03-02 16:31:03,2023-07-29 18:00:00,2023-07-29 23:00:00,FNR,140,CMC,PEN,2000,3900,,,
10647,1740,533,2023-03-03 16:39:04,2023-07-30 18:00:00,2023-07-30 23:00:00,GCN,100,KBF,PEN,3300,5500,,,